segment_id,s_m,x_m,y_m,z_m,yaw_rad,seed_index,position_error_m,normal_error_deg,ik_success,failure_reason,collision_link,iterations
55,0.0,0.06999982686116368,-2.0730049044290056e-10,1.1219999082207226,0.0,0,0.2628660186397626,31.609535462012207,0,IK_POSITION_ERROR,,10
55,0.0,0.06999982686116368,-2.0730049044290056e-10,1.1219999082207226,0.0,1,0.25734922093993917,31.876787021091996,0,IK_POSITION_ERROR,,12
55,0.0,0.06999982686116368,-2.0730049044290056e-10,1.1219999082207226,0.0,2,0.246600147068089,29.468740515774687,0,IK_POSITION_ERROR,,16
55,0.0,0.06999982686116368,-2.0730049044290056e-10,1.1219999082207226,0.0,3,0.1849306750892685,57.70137286986502,0,IK_POSITION_ERROR,,12
55,0.0,0.06999982686116368,-2.0730049044290056e-10,1.1219999082207226,0.0,4,0.24225052107364822,52.74590548195596,0,IK_POSITION_ERROR,,12
55,0.0,0.06999982686116368,-2.0730049044290056e-10,1.1219999082207226,0.0,5,0.4382359028846218,168.36580829007863,0,IK_POSITION_ERROR,,27
55,0.0,0.06999982686116368,-2.0730049044290056e-10,1.1219999082207226,0.0,6,0.1661252195846115,49.1259052597552,0,IK_POSITION_ERROR,,62
55,0.0,0.06999982686116368,-2.0730049044290056e-10,1.1219999082207226,0.0,7,0.32055349808666384,98.24756749327312,0,IK_POSITION_ERROR,,15
55,0.0,0.06999982686116368,-2.0730049044290056e-10,1.1219999082207226,0.0,8,0.4723440507463825,158.8796669913283,0,IK_POSITION_ERROR,,420
55,0.0,0.06999982686116368,-2.0730049044290056e-10,1.1219999082207226,0.0,9,0.14448091975222965,50.318283278927346,0,IK_POSITION_ERROR,,14
55,0.0,0.06999982686116368,-2.0730049044290056e-10,1.1219999082207226,0.0,10,0.1863909368038838,53.017022577917075,0,IK_POSITION_ERROR,,37
55,0.0,0.06999982686116368,-2.0730049044290056e-10,1.1219999082207226,0.0,11,0.18483963743402845,73.39023805198059,0,IK_POSITION_ERROR,,15
55,0.0,0.06999982686116368,-2.0730049044290056e-10,1.1219999082207226,0.0,12,0.27351781518776147,49.291984244699904,0,IK_POSITION_ERROR,,49
55,0.0,0.06999982686116368,-2.0730049044290056e-10,1.1219999082207226,0.0,13,0.1799737988701996,92.71177919891865,0,IK_POSITION_ERROR,,38
55,0.0,0.06999982686116368,-2.0730049044290056e-10,1.1219999082207226,0.0,14,0.1610002878677172,78.5710655639633,0,IK_POSITION_ERROR,,36
55,0.0,0.06999982686116368,-2.0730049044290056e-10,1.1219999082207226,0.0,15,0.32203351356763704,106.18508295589643,0,IK_POSITION_ERROR,,16
55,0.0,0.06999982686116368,-2.0730049044290056e-10,1.1219999082207226,0.0,16,0.17993264062990239,43.91742025720732,0,IK_POSITION_ERROR,,42
55,0.0,0.06999982686116368,-2.0730049044290056e-10,1.1219999082207226,0.0,17,0.4386642222861465,154.7011615193694,0,IK_POSITION_ERROR,,99
55,0.0,0.06999982686116368,-2.0730049044290056e-10,1.1219999082207226,0.0,18,0.3286767104628081,110.08896534612286,0,IK_POSITION_ERROR,,5
55,0.0,0.06999982686116368,-2.0730049044290056e-10,1.1219999082207226,0.0,19,0.19294544581048098,55.09006338519968,0,IK_POSITION_ERROR,,38
55,0.0,0.06999982686116368,-2.0730049044290056e-10,1.1219999082207226,0.0,20,0.23548537760753588,67.13551779023392,0,IK_POSITION_ERROR,,25
55,0.0,0.06999982686116368,-2.0730049044290056e-10,1.1219999082207226,0.0,21,0.26216949239193854,102.90853881032233,0,IK_POSITION_ERROR,,14
55,0.0,0.06999982686116368,-2.0730049044290056e-10,1.1219999082207226,0.0,22,0.2891862009945372,73.28096388221996,0,IK_POSITION_ERROR,,42
55,0.0,0.06999982686116368,-2.0730049044290056e-10,1.1219999082207226,0.0,23,0.276012750083176,71.6823004865209,0,IK_POSITION_ERROR,,30
55,0.0,0.06999982686116368,-2.0730049044290056e-10,1.1219999082207226,0.0,24,0.1948427308557088,78.21880285260767,0,IK_POSITION_ERROR,,35
55,0.0,0.06999982686116368,-2.0730049044290056e-10,1.1219999082207226,0.0,25,0.26999579443689375,54.570277434471265,0,IK_POSITION_ERROR,,32
55,0.0,0.06999982686116368,-2.0730049044290056e-10,1.1219999082207226,0.0,26,0.23452383126742146,119.27259806746012,0,IK_POSITION_ERROR,,11
55,0.0,0.06999982686116368,-2.0730049044290056e-10,1.1219999082207226,0.0,27,0.2568226511783274,27.55307237208606,0,IK_POSITION_ERROR,,3
55,0.0,0.06999982686116368,-2.0730049044290056e-10,1.1219999082207226,0.0,28,0.2596888851505728,27.436465585011195,0,IK_POSITION_ERROR,,3
55,0.0,0.06999982686116368,-2.0730049044290056e-10,1.1219999082207226,0.0,29,0.25809195266733026,25.9405044745618,0,IK_POSITION_ERROR,,3
55,0.0,0.06999982686116368,-2.0730049044290056e-10,1.1219999082207226,0.19634954084936207,0,0.2628660186397626,31.609535462012218,0,IK_POSITION_ERROR,,10
55,0.0,0.06999982686116368,-2.0730049044290056e-10,1.1219999082207226,0.19634954084936207,1,0.14448091975222965,50.31828327892736,0,IK_POSITION_ERROR,,0
55,0.0,0.06999982686116368,-2.0730049044290056e-10,1.1219999082207226,0.19634954084936207,2,0.25734922093993917,31.876787021092007,0,IK_POSITION_ERROR,,12
55,0.0,0.06999982686116368,-2.0730049044290056e-10,1.1219999082207226,0.19634954084936207,3,0.246600147068089,29.468740515774698,0,IK_POSITION_ERROR,,16
55,0.0,0.06999982686116368,-2.0730049044290056e-10,1.1219999082207226,0.19634954084936207,4,0.1849306750892685,57.70137286986503,0,IK_POSITION_ERROR,,12
55,0.0,0.06999982686116368,-2.0730049044290056e-10,1.1219999082207226,0.19634954084936207,5,0.24225052107364822,52.745905481955965,0,IK_POSITION_ERROR,,12
55,0.0,0.06999982686116368,-2.0730049044290056e-10,1.1219999082207226,0.19634954084936207,6,0.4382359028846218,168.36580829007863,0,IK_POSITION_ERROR,,27
55,0.0,0.06999982686116368,-2.0730049044290056e-10,1.1219999082207226,0.19634954084936207,7,0.1661252195846115,49.12590525975521,0,IK_POSITION_ERROR,,62
55,0.0,0.06999982686116368,-2.0730049044290056e-10,1.1219999082207226,0.19634954084936207,8,0.32055349808666384,98.24756749327314,0,IK_POSITION_ERROR,,15
55,0.0,0.06999982686116368,-2.0730049044290056e-10,1.1219999082207226,0.19634954084936207,9,0.47234405368856713,158.8796691490319,0,IK_POSITION_ERROR,,420
55,0.0,0.06999982686116368,-2.0730049044290056e-10,1.1219999082207226,0.19634954084936207,10,0.14448091975222965,50.31828327892736,0,IK_POSITION_ERROR,,14
55,0.0,0.06999982686116368,-2.0730049044290056e-10,1.1219999082207226,0.19634954084936207,11,0.1863909368038838,53.01702257791708,0,IK_POSITION_ERROR,,37
55,0.0,0.06999982686116368,-2.0730049044290056e-10,1.1219999082207226,0.19634954084936207,12,0.18483963743402845,73.39023805198059,0,IK_POSITION_ERROR,,15
55,0.0,0.06999982686116368,-2.0730049044290056e-10,1.1219999082207226,0.19634954084936207,13,0.27351781518776147,49.29198424469992,0,IK_POSITION_ERROR,,49
55,0.0,0.06999982686116368,-2.0730049044290056e-10,1.1219999082207226,0.19634954084936207,14,0.1799737988701996,92.71177919891866,0,IK_POSITION_ERROR,,38
55,0.0,0.06999982686116368,-2.0730049044290056e-10,1.1219999082207226,0.19634954084936207,15,0.1610002878677172,78.5710655639633,0,IK_POSITION_ERROR,,36
55,0.0,0.06999982686116368,-2.0730049044290056e-10,1.1219999082207226,0.19634954084936207,16,0.32203351356763704,106.18508295589643,0,IK_POSITION_ERROR,,16
55,0.0,0.06999982686116368,-2.0730049044290056e-10,1.1219999082207226,0.19634954084936207,17,0.17993264062990239,43.917420257207326,0,IK_POSITION_ERROR,,42
55,0.0,0.06999982686116368,-2.0730049044290056e-10,1.1219999082207226,0.19634954084936207,18,0.4386642222861465,154.70116151936944,0,IK_POSITION_ERROR,,99
55,0.0,0.06999982686116368,-2.0730049044290056e-10,1.1219999082207226,0.19634954084936207,19,0.3286767104628081,110.08896534612288,0,IK_POSITION_ERROR,,5
55,0.0,0.06999982686116368,-2.0730049044290056e-10,1.1219999082207226,0.19634954084936207,20,0.19294544581048098,55.090063385199684,0,IK_POSITION_ERROR,,38
55,0.0,0.06999982686116368,-2.0730049044290056e-10,1.1219999082207226,0.19634954084936207,21,0.23548537760753588,67.13551779023393,0,IK_POSITION_ERROR,,25
55,0.0,0.06999982686116368,-2.0730049044290056e-10,1.1219999082207226,0.19634954084936207,22,0.26216949239193854,102.90853881032234,0,IK_POSITION_ERROR,,14
55,0.0,0.06999982686116368,-2.0730049044290056e-10,1.1219999082207226,0.19634954084936207,23,0.2891862009945372,73.28096388221998,0,IK_POSITION_ERROR,,42
55,0.0,0.06999982686116368,-2.0730049044290056e-10,1.1219999082207226,0.19634954084936207,24,0.276012750083176,71.68230048652092,0,IK_POSITION_ERROR,,30
55,0.0,0.06999982686116368,-2.0730049044290056e-10,1.1219999082207226,0.19634954084936207,25,0.1948427308557088,78.21880285260768,0,IK_POSITION_ERROR,,35
55,0.0,0.06999982686116368,-2.0730049044290056e-10,1.1219999082207226,0.19634954084936207,26,0.26999579443689375,54.57027743447128,0,IK_POSITION_ERROR,,32
55,0.0,0.06999982686116368,-2.0730049044290056e-10,1.1219999082207226,0.19634954084936207,27,0.23452383126742146,119.27259806746015,0,IK_POSITION_ERROR,,11
55,0.0,0.06999982686116368,-2.0730049044290056e-10,1.1219999082207226,0.39269908169872414,0,0.2628660186397626,31.609535462012207,0,IK_POSITION_ERROR,,10
55,0.0,0.06999982686116368,-2.0730049044290056e-10,1.1219999082207226,0.39269908169872414,1,0.14448091975222965,50.318283278927346,0,IK_POSITION_ERROR,,0
55,0.0,0.06999982686116368,-2.0730049044290056e-10,1.1219999082207226,0.39269908169872414,2,0.25734922093993917,31.876787021091996,0,IK_POSITION_ERROR,,12
55,0.0,0.06999982686116368,-2.0730049044290056e-10,1.1219999082207226,0.39269908169872414,3,0.246600147068089,29.468740515774687,0,IK_POSITION_ERROR,,16
55,0.0,0.06999982686116368,-2.0730049044290056e-10,1.1219999082207226,0.39269908169872414,4,0.1849306750892685,57.70137286986502,0,IK_POSITION_ERROR,,12
55,0.0,0.06999982686116368,-2.0730049044290056e-10,1.1219999082207226,0.39269908169872414,5,0.24225052107364822,52.74590548195596,0,IK_POSITION_ERROR,,12
55,0.0,0.06999982686116368,-2.0730049044290056e-10,1.1219999082207226,0.39269908169872414,6,0.4382359028846218,168.36580829007863,0,IK_POSITION_ERROR,,27
55,0.0,0.06999982686116368,-2.0730049044290056e-10,1.1219999082207226,0.39269908169872414,7,0.1661252195846115,49.1259052597552,0,IK_POSITION_ERROR,,62
55,0.0,0.06999982686116368,-2.0730049044290056e-10,1.1219999082207226,0.39269908169872414,8,0.32055349808666384,98.24756749327312,0,IK_POSITION_ERROR,,15
55,0.0,0.06999982686116368,-2.0730049044290056e-10,1.1219999082207226,0.39269908169872414,9,0.4723440507463825,158.8796669913283,0,IK_POSITION_ERROR,,420
55,0.0,0.06999982686116368,-2.0730049044290056e-10,1.1219999082207226,0.39269908169872414,10,0.14448091975222965,50.318283278927346,0,IK_POSITION_ERROR,,14
55,0.0,0.06999982686116368,-2.0730049044290056e-10,1.1219999082207226,0.39269908169872414,11,0.1863909368038838,53.017022577917075,0,IK_POSITION_ERROR,,37
55,0.0,0.06999982686116368,-2.0730049044290056e-10,1.1219999082207226,0.39269908169872414,12,0.18483963743402845,73.39023805198059,0,IK_POSITION_ERROR,,15
55,0.0,0.06999982686116368,-2.0730049044290056e-10,1.1219999082207226,0.39269908169872414,13,0.27351781518776147,49.291984244699904,0,IK_POSITION_ERROR,,49
55,0.0,0.06999982686116368,-2.0730049044290056e-10,1.1219999082207226,0.39269908169872414,14,0.1799737988701996,92.71177919891865,0,IK_POSITION_ERROR,,38
55,0.0,0.06999982686116368,-2.0730049044290056e-10,1.1219999082207226,0.39269908169872414,15,0.1610002878677172,78.5710655639633,0,IK_POSITION_ERROR,,36
55,0.0,0.06999982686116368,-2.0730049044290056e-10,1.1219999082207226,0.39269908169872414,16,0.32203351356763704,106.18508295589643,0,IK_POSITION_ERROR,,16
55,0.0,0.06999982686116368,-2.0730049044290056e-10,1.1219999082207226,0.39269908169872414,17,0.17993264062990239,43.91742025720732,0,IK_POSITION_ERROR,,42
55,0.0,0.06999982686116368,-2.0730049044290056e-10,1.1219999082207226,0.39269908169872414,18,0.4386642222861465,154.7011615193694,0,IK_POSITION_ERROR,,99
55,0.0,0.06999982686116368,-2.0730049044290056e-10,1.1219999082207226,0.39269908169872414,19,0.3286767104628081,110.08896534612286,0,IK_POSITION_ERROR,,5
55,0.0,0.06999982686116368,-2.0730049044290056e-10,1.1219999082207226,0.39269908169872414,20,0.19294544581048098,55.09006338519968,0,IK_POSITION_ERROR,,38
55,0.0,0.06999982686116368,-2.0730049044290056e-10,1.1219999082207226,0.39269908169872414,21,0.23548537760753588,67.13551779023392,0,IK_POSITION_ERROR,,25
55,0.0,0.06999982686116368,-2.0730049044290056e-10,1.1219999082207226,0.39269908169872414,22,0.26216949239193854,102.90853881032233,0,IK_POSITION_ERROR,,14
55,0.0,0.06999982686116368,-2.0730049044290056e-10,1.1219999082207226,0.39269908169872414,23,0.2891862009945372,73.28096388221996,0,IK_POSITION_ERROR,,42
55,0.0,0.06999982686116368,-2.0730049044290056e-10,1.1219999082207226,0.39269908169872414,24,0.276012750083176,71.6823004865209,0,IK_POSITION_ERROR,,30
55,0.0,0.06999982686116368,-2.0730049044290056e-10,1.1219999082207226,0.39269908169872414,25,0.1948427308557088,78.21880285260767,0,IK_POSITION_ERROR,,35
55,0.0,0.06999982686116368,-2.0730049044290056e-10,1.1219999082207226,0.39269908169872414,26,0.26999579443689375,54.570277434471265,0,IK_POSITION_ERROR,,32
55,0.0,0.06999982686116368,-2.0730049044290056e-10,1.1219999082207226,0.39269908169872414,27,0.23452383126742146,119.27259806746012,0,IK_POSITION_ERROR,,11
55,0.0,0.06999982686116368,-2.0730049044290056e-10,1.1219999082207226,0.39269908169872414,28,0.2773154700667823,29.63057025177371,0,IK_POSITION_ERROR,,4
55,0.0,0.06999982686116368,-2.0730049044290056e-10,1.1219999082207226,0.39269908169872414,29,0.27154803294392404,31.937111590006097,0,IK_POSITION_ERROR,,5
55,0.0,0.06999982686116368,-2.0730049044290056e-10,1.1219999082207226,0.39269908169872414,30,0.27651668229666404,29.826706660628,0,IK_POSITION_ERROR,,4
55,0.0,0.06999982686116368,-2.0730049044290056e-10,1.1219999082207226,0.5890486225480862,0,0.2628660186397626,31.609535462012218,0,IK_POSITION_ERROR,,10
55,0.0,0.06999982686116368,-2.0730049044290056e-10,1.1219999082207226,0.5890486225480862,1,0.14448091975222965,50.31828327892736,0,IK_POSITION_ERROR,,0
55,0.0,0.06999982686116368,-2.0730049044290056e-10,1.1219999082207226,0.5890486225480862,2,0.25734922093993917,31.876787021092007,0,IK_POSITION_ERROR,,12
55,0.0,0.06999982686116368,-2.0730049044290056e-10,1.1219999082207226,0.5890486225480862,3,0.246600147068089,29.468740515774698,0,IK_POSITION_ERROR,,16
55,0.0,0.06999982686116368,-2.0730049044290056e-10,1.1219999082207226,0.5890486225480862,4,0.1849306750892685,57.70137286986503,0,IK_POSITION_ERROR,,12
55,0.0,0.06999982686116368,-2.0730049044290056e-10,1.1219999082207226,0.5890486225480862,5,0.24225052107364822,52.745905481955965,0,IK_POSITION_ERROR,,12
55,0.0,0.06999982686116368,-2.0730049044290056e-10,1.1219999082207226,0.5890486225480862,6,0.4382359028846218,168.36580829007863,0,IK_POSITION_ERROR,,27
55,0.0,0.06999982686116368,-2.0730049044290056e-10,1.1219999082207226,0.5890486225480862,7,0.1661252195846115,49.12590525975521,0,IK_POSITION_ERROR,,62
55,0.0,0.06999982686116368,-2.0730049044290056e-10,1.1219999082207226,0.5890486225480862,8,0.32055349808666384,98.24756749327314,0,IK_POSITION_ERROR,,15
55,0.0,0.06999982686116368,-2.0730049044290056e-10,1.1219999082207226,0.5890486225480862,9,0.4723440507463825,158.87966699132832,0,IK_POSITION_ERROR,,420
55,0.0,0.06999982686116368,-2.0730049044290056e-10,1.1219999082207226,0.5890486225480862,10,0.14448091975222965,50.31828327892736,0,IK_POSITION_ERROR,,14
55,0.0,0.06999982686116368,-2.0730049044290056e-10,1.1219999082207226,0.5890486225480862,11,0.1863909368038838,53.01702257791708,0,IK_POSITION_ERROR,,37
55,0.0,0.06999982686116368,-2.0730049044290056e-10,1.1219999082207226,0.5890486225480862,12,0.18483963743402845,73.39023805198059,0,IK_POSITION_ERROR,,15
55,0.0,0.06999982686116368,-2.0730049044290056e-10,1.1219999082207226,0.5890486225480862,13,0.27351781518776147,49.29198424469992,0,IK_POSITION_ERROR,,49
55,0.0,0.06999982686116368,-2.0730049044290056e-10,1.1219999082207226,0.5890486225480862,14,0.1799737988701996,92.71177919891866,0,IK_POSITION_ERROR,,38
55,0.0,0.06999982686116368,-2.0730049044290056e-10,1.1219999082207226,0.5890486225480862,15,0.1610002878677172,78.5710655639633,0,IK_POSITION_ERROR,,36
55,0.0,0.06999982686116368,-2.0730049044290056e-10,1.1219999082207226,0.5890486225480862,16,0.32203351356763704,106.18508295589643,0,IK_POSITION_ERROR,,16
55,0.0,0.06999982686116368,-2.0730049044290056e-10,1.1219999082207226,0.5890486225480862,17,0.17993264062990239,43.917420257207326,0,IK_POSITION_ERROR,,42
55,0.0,0.06999982686116368,-2.0730049044290056e-10,1.1219999082207226,0.5890486225480862,18,0.4386642222861465,154.70116151936944,0,IK_POSITION_ERROR,,99
55,0.0,0.06999982686116368,-2.0730049044290056e-10,1.1219999082207226,0.5890486225480862,19,0.3286767104628081,110.08896534612288,0,IK_POSITION_ERROR,,5
55,0.0,0.06999982686116368,-2.0730049044290056e-10,1.1219999082207226,0.5890486225480862,20,0.19294544581048098,55.090063385199684,0,IK_POSITION_ERROR,,38
55,0.0,0.06999982686116368,-2.0730049044290056e-10,1.1219999082207226,0.5890486225480862,21,0.23548537760753588,67.13551779023393,0,IK_POSITION_ERROR,,25
55,0.0,0.06999982686116368,-2.0730049044290056e-10,1.1219999082207226,0.5890486225480862,22,0.26216949239193854,102.90853881032234,0,IK_POSITION_ERROR,,14
55,0.0,0.06999982686116368,-2.0730049044290056e-10,1.1219999082207226,0.5890486225480862,23,0.2891862009945372,73.28096388221998,0,IK_POSITION_ERROR,,42
55,0.0,0.06999982686116368,-2.0730049044290056e-10,1.1219999082207226,0.5890486225480862,24,0.276012750083176,71.68230048652092,0,IK_POSITION_ERROR,,30
55,0.0,0.06999982686116368,-2.0730049044290056e-10,1.1219999082207226,0.5890486225480862,25,0.1948427308557088,78.21880285260768,0,IK_POSITION_ERROR,,35
55,0.0,0.06999982686116368,-2.0730049044290056e-10,1.1219999082207226,0.5890486225480862,26,0.26999579443689375,54.57027743447128,0,IK_POSITION_ERROR,,32
55,0.0,0.06999982686116368,-2.0730049044290056e-10,1.1219999082207226,0.5890486225480862,27,0.23452383126742146,119.27259806746012,0,IK_POSITION_ERROR,,11
55,0.0,0.06999982686116368,-2.0730049044290056e-10,1.1219999082207226,0.5890486225480862,28,0.29222478110055355,34.37971899006851,0,IK_POSITION_ERROR,,5
55,0.0,0.06999982686116368,-2.0730049044290056e-10,1.1219999082207226,0.5890486225480862,29,0.2751131427606841,28.90135399325921,0,IK_POSITION_ERROR,,5
55,0.0,0.06999982686116368,-2.0730049044290056e-10,1.1219999082207226,0.7853981633974483,0,0.2628660186397626,31.609535462012218,0,IK_POSITION_ERROR,,10
55,0.0,0.06999982686116368,-2.0730049044290056e-10,1.1219999082207226,0.7853981633974483,1,0.14448091975222965,50.31828327892736,0,IK_POSITION_ERROR,,0
55,0.0,0.06999982686116368,-2.0730049044290056e-10,1.1219999082207226,0.7853981633974483,2,0.25734922093993917,31.876787021092007,0,IK_POSITION_ERROR,,12
55,0.0,0.06999982686116368,-2.0730049044290056e-10,1.1219999082207226,0.7853981633974483,3,0.246600147068089,29.468740515774698,0,IK_POSITION_ERROR,,16
55,0.0,0.06999982686116368,-2.0730049044290056e-10,1.1219999082207226,0.7853981633974483,4,0.1849306750892685,57.70137286986503,0,IK_POSITION_ERROR,,12
55,0.0,0.06999982686116368,-2.0730049044290056e-10,1.1219999082207226,0.7853981633974483,5,0.24225052107364822,52.745905481955965,0,IK_POSITION_ERROR,,12
55,0.0,0.06999982686116368,-2.0730049044290056e-10,1.1219999082207226,0.7853981633974483,6,0.4382359028846218,168.36580829007863,0,IK_POSITION_ERROR,,27
55,0.0,0.06999982686116368,-2.0730049044290056e-10,1.1219999082207226,0.7853981633974483,7,0.1661252195846115,49.12590525975521,0,IK_POSITION_ERROR,,62
55,0.0,0.06999982686116368,-2.0730049044290056e-10,1.1219999082207226,0.7853981633974483,8,0.32055349808666384,98.24756749327314,0,IK_POSITION_ERROR,,15
55,0.0,0.06999982686116368,-2.0730049044290056e-10,1.1219999082207226,0.7853981633974483,9,0.4723440518360539,158.8796650309089,0,IK_POSITION_ERROR,,420
55,0.0,0.06999982686116368,-2.0730049044290056e-10,1.1219999082207226,0.7853981633974483,10,0.14448091975222965,50.31828327892736,0,IK_POSITION_ERROR,,14
55,0.0,0.06999982686116368,-2.0730049044290056e-10,1.1219999082207226,0.7853981633974483,11,0.1863909368038838,53.017022577917096,0,IK_POSITION_ERROR,,37
55,0.0,0.06999982686116368,-2.0730049044290056e-10,1.1219999082207226,0.7853981633974483,12,0.18483963743402845,73.39023805198059,0,IK_POSITION_ERROR,,15
55,0.0,0.06999982686116368,-2.0730049044290056e-10,1.1219999082207226,0.7853981633974483,13,0.27351781518776147,49.29198424469992,0,IK_POSITION_ERROR,,49
55,0.0,0.06999982686116368,-2.0730049044290056e-10,1.1219999082207226,0.7853981633974483,14,0.1799737988701996,92.71177919891866,0,IK_POSITION_ERROR,,38
55,0.0,0.06999982686116368,-2.0730049044290056e-10,1.1219999082207226,0.7853981633974483,15,0.1610002878677172,78.5710655639633,0,IK_POSITION_ERROR,,36
55,0.0,0.06999982686116368,-2.0730049044290056e-10,1.1219999082207226,0.7853981633974483,16,0.32203351356763704,106.18508295589643,0,IK_POSITION_ERROR,,16
55,0.0,0.06999982686116368,-2.0730049044290056e-10,1.1219999082207226,0.7853981633974483,17,0.17993264062990239,43.917420257207326,0,IK_POSITION_ERROR,,42
55,0.0,0.06999982686116368,-2.0730049044290056e-10,1.1219999082207226,0.7853981633974483,18,0.4386642222861465,154.70116151936944,0,IK_POSITION_ERROR,,99
55,0.0,0.06999982686116368,-2.0730049044290056e-10,1.1219999082207226,0.7853981633974483,19,0.3286767104628081,110.08896534612288,0,IK_POSITION_ERROR,,5
55,0.0,0.06999982686116368,-2.0730049044290056e-10,1.1219999082207226,0.7853981633974483,20,0.19294544581048098,55.0900633851997,0,IK_POSITION_ERROR,,38
55,0.0,0.06999982686116368,-2.0730049044290056e-10,1.1219999082207226,0.7853981633974483,21,0.23548537760753588,67.13551779023395,0,IK_POSITION_ERROR,,25
55,0.0,0.06999982686116368,-2.0730049044290056e-10,1.1219999082207226,0.7853981633974483,22,0.26216949239193854,102.90853881032234,0,IK_POSITION_ERROR,,14
55,0.0,0.06999982686116368,-2.0730049044290056e-10,1.1219999082207226,0.7853981633974483,23,0.2891862009945372,73.28096388221998,0,IK_POSITION_ERROR,,42
55,0.0,0.06999982686116368,-2.0730049044290056e-10,1.1219999082207226,0.7853981633974483,24,0.276012750083176,71.68230048652092,0,IK_POSITION_ERROR,,30
55,0.0,0.06999982686116368,-2.0730049044290056e-10,1.1219999082207226,0.7853981633974483,25,0.1948427308557088,78.21880285260768,0,IK_POSITION_ERROR,,35
55,0.0,0.06999982686116368,-2.0730049044290056e-10,1.1219999082207226,0.7853981633974483,26,0.26999579443689375,54.57027743447128,0,IK_POSITION_ERROR,,32
55,0.0,0.06999982686116368,-2.0730049044290056e-10,1.1219999082207226,0.7853981633974483,27,0.23452383126742146,119.27259806746015,0,IK_POSITION_ERROR,,11
55,0.0,0.06999982686116368,-2.0730049044290056e-10,1.1219999082207226,0.9817477042468103,0,0.2628660186397626,31.609535462012193,0,IK_POSITION_ERROR,,10
55,0.0,0.06999982686116368,-2.0730049044290056e-10,1.1219999082207226,0.9817477042468103,1,0.14448091975222965,50.31828327892733,0,IK_POSITION_ERROR,,0
55,0.0,0.06999982686116368,-2.0730049044290056e-10,1.1219999082207226,0.9817477042468103,2,0.25734922093993917,31.876787021091996,0,IK_POSITION_ERROR,,12
55,0.0,0.06999982686116368,-2.0730049044290056e-10,1.1219999082207226,0.9817477042468103,3,0.246600147068089,29.468740515774687,0,IK_POSITION_ERROR,,16
55,0.0,0.06999982686116368,-2.0730049044290056e-10,1.1219999082207226,0.9817477042468103,4,0.1849306750892685,57.70137286986502,0,IK_POSITION_ERROR,,12
55,0.0,0.06999982686116368,-2.0730049044290056e-10,1.1219999082207226,0.9817477042468103,5,0.24225052107364822,52.74590548195596,0,IK_POSITION_ERROR,,12
55,0.0,0.06999982686116368,-2.0730049044290056e-10,1.1219999082207226,0.9817477042468103,6,0.4382359028846218,168.36580829007863,0,IK_POSITION_ERROR,,27
55,0.0,0.06999982686116368,-2.0730049044290056e-10,1.1219999082207226,0.9817477042468103,7,0.1661252195846115,49.1259052597552,0,IK_POSITION_ERROR,,62
55,0.0,0.06999982686116368,-2.0730049044290056e-10,1.1219999082207226,0.9817477042468103,8,0.32055349808666384,98.24756749327312,0,IK_POSITION_ERROR,,15
55,0.0,0.06999982686116368,-2.0730049044290056e-10,1.1219999082207226,0.9817477042468103,9,0.4723440312632577,158.8796669913283,0,IK_POSITION_ERROR,,420
55,0.0,0.06999982686116368,-2.0730049044290056e-10,1.1219999082207226,0.9817477042468103,10,0.14448091975222965,50.31828327892733,0,IK_POSITION_ERROR,,14
55,0.0,0.06999982686116368,-2.0730049044290056e-10,1.1219999082207226,0.9817477042468103,11,0.1863909368038838,53.017022577917075,0,IK_POSITION_ERROR,,37
55,0.0,0.06999982686116368,-2.0730049044290056e-10,1.1219999082207226,0.9817477042468103,12,0.18483963743402845,73.39023805198059,0,IK_POSITION_ERROR,,15
55,0.0,0.06999982686116368,-2.0730049044290056e-10,1.1219999082207226,0.9817477042468103,13,0.27351781518776147,49.291984244699904,0,IK_POSITION_ERROR,,49
55,0.0,0.06999982686116368,-2.0730049044290056e-10,1.1219999082207226,0.9817477042468103,14,0.1799737988701996,92.71177919891865,0,IK_POSITION_ERROR,,38
55,0.0,0.06999982686116368,-2.0730049044290056e-10,1.1219999082207226,0.9817477042468103,15,0.1610002878677172,78.5710655639633,0,IK_POSITION_ERROR,,36
55,0.0,0.06999982686116368,-2.0730049044290056e-10,1.1219999082207226,0.9817477042468103,16,0.32203351356763704,106.18508295589643,0,IK_POSITION_ERROR,,16
55,0.0,0.06999982686116368,-2.0730049044290056e-10,1.1219999082207226,0.9817477042468103,17,0.17993264062990239,43.91742025720732,0,IK_POSITION_ERROR,,42
55,0.0,0.06999982686116368,-2.0730049044290056e-10,1.1219999082207226,0.9817477042468103,18,0.4386642222861465,154.7011615193694,0,IK_POSITION_ERROR,,99
55,0.0,0.06999982686116368,-2.0730049044290056e-10,1.1219999082207226,0.9817477042468103,19,0.3286767104628081,110.08896534612286,0,IK_POSITION_ERROR,,5
55,0.0,0.06999982686116368,-2.0730049044290056e-10,1.1219999082207226,0.9817477042468103,20,0.19294544581048098,55.09006338519968,0,IK_POSITION_ERROR,,38
55,0.0,0.06999982686116368,-2.0730049044290056e-10,1.1219999082207226,0.9817477042468103,21,0.23548537760753588,67.13551779023392,0,IK_POSITION_ERROR,,25
55,0.0,0.06999982686116368,-2.0730049044290056e-10,1.1219999082207226,0.9817477042468103,22,0.26216949239193854,102.90853881032233,0,IK_POSITION_ERROR,,14
55,0.0,0.06999982686116368,-2.0730049044290056e-10,1.1219999082207226,0.9817477042468103,23,0.2891862009945372,73.28096388221996,0,IK_POSITION_ERROR,,42
55,0.0,0.06999982686116368,-2.0730049044290056e-10,1.1219999082207226,0.9817477042468103,24,0.276012750083176,71.6823004865209,0,IK_POSITION_ERROR,,30
55,0.0,0.06999982686116368,-2.0730049044290056e-10,1.1219999082207226,0.9817477042468103,25,0.1948427308557088,78.21880285260767,0,IK_POSITION_ERROR,,35
55,0.0,0.06999982686116368,-2.0730049044290056e-10,1.1219999082207226,0.9817477042468103,26,0.26999579443689375,54.570277434471265,0,IK_POSITION_ERROR,,32
55,0.0,0.06999982686116368,-2.0730049044290056e-10,1.1219999082207226,0.9817477042468103,27,0.23452383126742146,119.27259806746012,0,IK_POSITION_ERROR,,11
55,0.0,0.06999982686116368,-2.0730049044290056e-10,1.1219999082207226,1.1780972450961724,0,0.2628660186397626,31.609535462012207,0,IK_POSITION_ERROR,,10
55,0.0,0.06999982686116368,-2.0730049044290056e-10,1.1219999082207226,1.1780972450961724,1,0.14448091975222965,50.318283278927346,0,IK_POSITION_ERROR,,0
55,0.0,0.06999982686116368,-2.0730049044290056e-10,1.1219999082207226,1.1780972450961724,2,0.25734922093993917,31.876787021091996,0,IK_POSITION_ERROR,,12
55,0.0,0.06999982686116368,-2.0730049044290056e-10,1.1219999082207226,1.1780972450961724,3,0.246600147068089,29.468740515774687,0,IK_POSITION_ERROR,,16
55,0.0,0.06999982686116368,-2.0730049044290056e-10,1.1219999082207226,1.1780972450961724,4,0.1849306750892685,57.70137286986502,0,IK_POSITION_ERROR,,12
55,0.0,0.06999982686116368,-2.0730049044290056e-10,1.1219999082207226,1.1780972450961724,5,0.24225052107364822,52.74590548195596,0,IK_POSITION_ERROR,,12
55,0.0,0.06999982686116368,-2.0730049044290056e-10,1.1219999082207226,1.1780972450961724,6,0.4382359028846218,168.36580829007863,0,IK_POSITION_ERROR,,27
55,0.0,0.06999982686116368,-2.0730049044290056e-10,1.1219999082207226,1.1780972450961724,7,0.1661252195846115,49.1259052597552,0,IK_POSITION_ERROR,,62
55,0.0,0.06999982686116368,-2.0730049044290056e-10,1.1219999082207226,1.1780972450961724,8,0.32055349808666384,98.24756749327314,0,IK_POSITION_ERROR,,15
55,0.0,0.06999982686116368,-2.0730049044290056e-10,1.1219999082207226,1.1780972450961724,9,0.4723440123742915,158.8796639598315,0,IK_POSITION_ERROR,,420
55,0.0,0.06999982686116368,-2.0730049044290056e-10,1.1219999082207226,1.1780972450961724,10,0.14448091975222965,50.318283278927346,0,IK_POSITION_ERROR,,14
55,0.0,0.06999982686116368,-2.0730049044290056e-10,1.1219999082207226,1.1780972450961724,11,0.1863909368038838,53.01702257791708,0,IK_POSITION_ERROR,,37
55,0.0,0.06999982686116368,-2.0730049044290056e-10,1.1219999082207226,1.1780972450961724,12,0.18483963743402845,73.39023805198059,0,IK_POSITION_ERROR,,15
55,0.0,0.06999982686116368,-2.0730049044290056e-10,1.1219999082207226,1.1780972450961724,13,0.27351781518776147,49.291984244699904,0,IK_POSITION_ERROR,,49
55,0.0,0.06999982686116368,-2.0730049044290056e-10,1.1219999082207226,1.1780972450961724,14,0.1799737988701996,92.71177919891865,0,IK_POSITION_ERROR,,38
55,0.0,0.06999982686116368,-2.0730049044290056e-10,1.1219999082207226,1.1780972450961724,15,0.1610002878677172,78.5710655639633,0,IK_POSITION_ERROR,,36
55,0.0,0.06999982686116368,-2.0730049044290056e-10,1.1219999082207226,1.1780972450961724,16,0.32203351356763704,106.18508295589643,0,IK_POSITION_ERROR,,16
55,0.0,0.06999982686116368,-2.0730049044290056e-10,1.1219999082207226,1.1780972450961724,17,0.17993264062990239,43.917420257207326,0,IK_POSITION_ERROR,,42
55,0.0,0.06999982686116368,-2.0730049044290056e-10,1.1219999082207226,1.1780972450961724,18,0.4386642222861465,154.7011615193694,0,IK_POSITION_ERROR,,99
55,0.0,0.06999982686116368,-2.0730049044290056e-10,1.1219999082207226,1.1780972450961724,19,0.3286767104628081,110.08896534612288,0,IK_POSITION_ERROR,,5
55,0.0,0.06999982686116368,-2.0730049044290056e-10,1.1219999082207226,1.1780972450961724,20,0.19294544581048098,55.090063385199684,0,IK_POSITION_ERROR,,38
55,0.0,0.06999982686116368,-2.0730049044290056e-10,1.1219999082207226,1.1780972450961724,21,0.23548537760753588,67.13551779023393,0,IK_POSITION_ERROR,,25
55,0.0,0.06999982686116368,-2.0730049044290056e-10,1.1219999082207226,1.1780972450961724,22,0.26216949239193854,102.90853881032233,0,IK_POSITION_ERROR,,14
55,0.0,0.06999982686116368,-2.0730049044290056e-10,1.1219999082207226,1.1780972450961724,23,0.2891862009945372,73.28096388221996,0,IK_POSITION_ERROR,,42
55,0.0,0.06999982686116368,-2.0730049044290056e-10,1.1219999082207226,1.1780972450961724,24,0.276012750083176,71.6823004865209,0,IK_POSITION_ERROR,,30
55,0.0,0.06999982686116368,-2.0730049044290056e-10,1.1219999082207226,1.1780972450961724,25,0.1948427308557088,78.21880285260767,0,IK_POSITION_ERROR,,35
55,0.0,0.06999982686116368,-2.0730049044290056e-10,1.1219999082207226,1.1780972450961724,26,0.26999579443689375,54.570277434471265,0,IK_POSITION_ERROR,,32
55,0.0,0.06999982686116368,-2.0730049044290056e-10,1.1219999082207226,1.1780972450961724,27,0.23452383126742146,119.27259806746012,0,IK_POSITION_ERROR,,11
55,0.0,0.06999982686116368,-2.0730049044290056e-10,1.1219999082207226,1.3744467859455345,0,0.2628660186397626,31.609535462012193,0,IK_POSITION_ERROR,,10
55,0.0,0.06999982686116368,-2.0730049044290056e-10,1.1219999082207226,1.3744467859455345,1,0.14448091975222965,50.31828327892733,0,IK_POSITION_ERROR,,0
55,0.0,0.06999982686116368,-2.0730049044290056e-10,1.1219999082207226,1.3744467859455345,2,0.25734922093993917,31.876787021091996,0,IK_POSITION_ERROR,,12
55,0.0,0.06999982686116368,-2.0730049044290056e-10,1.1219999082207226,1.3744467859455345,3,0.246600147068089,29.468740515774687,0,IK_POSITION_ERROR,,16
55,0.0,0.06999982686116368,-2.0730049044290056e-10,1.1219999082207226,1.3744467859455345,4,0.1849306750892685,57.70137286986502,0,IK_POSITION_ERROR,,12
55,0.0,0.06999982686116368,-2.0730049044290056e-10,1.1219999082207226,1.3744467859455345,5,0.24225052107364822,52.74590548195596,0,IK_POSITION_ERROR,,12
55,0.0,0.06999982686116368,-2.0730049044290056e-10,1.1219999082207226,1.3744467859455345,6,0.4382359028846218,168.36580829007863,0,IK_POSITION_ERROR,,27
55,0.0,0.06999982686116368,-2.0730049044290056e-10,1.1219999082207226,1.3744467859455345,7,0.1661252195846115,49.1259052597552,0,IK_POSITION_ERROR,,62
55,0.0,0.06999982686116368,-2.0730049044290056e-10,1.1219999082207226,1.3744467859455345,8,0.32055349808666384,98.24756749327312,0,IK_POSITION_ERROR,,15
55,0.0,0.06999982686116368,-2.0730049044290056e-10,1.1219999082207226,1.3744467859455345,9,0.4723440312632577,158.8796669913283,0,IK_POSITION_ERROR,,420
55,0.0,0.06999982686116368,-2.0730049044290056e-10,1.1219999082207226,1.3744467859455345,10,0.14448091975222965,50.31828327892733,0,IK_POSITION_ERROR,,14
55,0.0,0.06999982686116368,-2.0730049044290056e-10,1.1219999082207226,1.3744467859455345,11,0.1863909368038838,53.017022577917075,0,IK_POSITION_ERROR,,37
55,0.0,0.06999982686116368,-2.0730049044290056e-10,1.1219999082207226,1.3744467859455345,12,0.18483963743402845,73.39023805198059,0,IK_POSITION_ERROR,,15
55,0.0,0.06999982686116368,-2.0730049044290056e-10,1.1219999082207226,1.3744467859455345,13,0.27351781518776147,49.291984244699904,0,IK_POSITION_ERROR,,49
55,0.0,0.06999982686116368,-2.0730049044290056e-10,1.1219999082207226,1.3744467859455345,14,0.1799737988701996,92.71177919891865,0,IK_POSITION_ERROR,,38
55,0.0,0.06999982686116368,-2.0730049044290056e-10,1.1219999082207226,1.3744467859455345,15,0.1610002878677172,78.5710655639633,0,IK_POSITION_ERROR,,36
55,0.0,0.06999982686116368,-2.0730049044290056e-10,1.1219999082207226,1.3744467859455345,16,0.32203351356763704,106.18508295589643,0,IK_POSITION_ERROR,,16
55,0.0,0.06999982686116368,-2.0730049044290056e-10,1.1219999082207226,1.3744467859455345,17,0.17993264062990239,43.91742025720732,0,IK_POSITION_ERROR,,42
55,0.0,0.06999982686116368,-2.0730049044290056e-10,1.1219999082207226,1.3744467859455345,18,0.4386642222861465,154.7011615193694,0,IK_POSITION_ERROR,,99
55,0.0,0.06999982686116368,-2.0730049044290056e-10,1.1219999082207226,1.3744467859455345,19,0.3286767104628081,110.08896534612286,0,IK_POSITION_ERROR,,5
55,0.0,0.06999982686116368,-2.0730049044290056e-10,1.1219999082207226,1.3744467859455345,20,0.19294544581048098,55.09006338519968,0,IK_POSITION_ERROR,,38
55,0.0,0.06999982686116368,-2.0730049044290056e-10,1.1219999082207226,1.3744467859455345,21,0.23548537760753588,67.13551779023392,0,IK_POSITION_ERROR,,25
55,0.0,0.06999982686116368,-2.0730049044290056e-10,1.1219999082207226,1.3744467859455345,22,0.26216949239193854,102.90853881032233,0,IK_POSITION_ERROR,,14
55,0.0,0.06999982686116368,-2.0730049044290056e-10,1.1219999082207226,1.3744467859455345,23,0.2891862009945372,73.28096388221996,0,IK_POSITION_ERROR,,42
55,0.0,0.06999982686116368,-2.0730049044290056e-10,1.1219999082207226,1.3744467859455345,24,0.276012750083176,71.6823004865209,0,IK_POSITION_ERROR,,30
55,0.0,0.06999982686116368,-2.0730049044290056e-10,1.1219999082207226,1.3744467859455345,25,0.1948427308557088,78.21880285260767,0,IK_POSITION_ERROR,,35
55,0.0,0.06999982686116368,-2.0730049044290056e-10,1.1219999082207226,1.3744467859455345,26,0.26999579443689375,54.570277434471265,0,IK_POSITION_ERROR,,32
55,0.0,0.06999982686116368,-2.0730049044290056e-10,1.1219999082207226,1.3744467859455345,27,0.23452383126742146,119.27259806746012,0,IK_POSITION_ERROR,,11
55,0.0,0.06999982686116368,-2.0730049044290056e-10,1.1219999082207226,1.5707963267948966,0,0.2628660186397626,31.609535462012232,0,IK_POSITION_ERROR,,10
55,0.0,0.06999982686116368,-2.0730049044290056e-10,1.1219999082207226,1.5707963267948966,1,0.14448091975222965,50.318283278927375,0,IK_POSITION_ERROR,,0
55,0.0,0.06999982686116368,-2.0730049044290056e-10,1.1219999082207226,1.5707963267948966,2,0.25734922093993917,31.87678702109202,0,IK_POSITION_ERROR,,12
55,0.0,0.06999982686116368,-2.0730049044290056e-10,1.1219999082207226,1.5707963267948966,3,0.246600147068089,29.468740515774698,0,IK_POSITION_ERROR,,16
55,0.0,0.06999982686116368,-2.0730049044290056e-10,1.1219999082207226,1.5707963267948966,4,0.1849306750892685,57.70137286986504,0,IK_POSITION_ERROR,,12
55,0.0,0.06999982686116368,-2.0730049044290056e-10,1.1219999082207226,1.5707963267948966,5,0.24225052107364822,52.74590548195598,0,IK_POSITION_ERROR,,12
55,0.0,0.06999982686116368,-2.0730049044290056e-10,1.1219999082207226,1.5707963267948966,6,0.4382359028846218,168.36580829007863,0,IK_POSITION_ERROR,,27
55,0.0,0.06999982686116368,-2.0730049044290056e-10,1.1219999082207226,1.5707963267948966,7,0.1661252195846115,49.12590525975523,0,IK_POSITION_ERROR,,62
55,0.0,0.06999982686116368,-2.0730049044290056e-10,1.1219999082207226,1.5707963267948966,8,0.32055349808666384,98.24756749327315,0,IK_POSITION_ERROR,,15
55,0.0,0.06999982686116368,-2.0730049044290056e-10,1.1219999082207226,1.5707963267948966,9,0.4723440312632577,158.8796669913283,0,IK_POSITION_ERROR,,420
55,0.0,0.06999982686116368,-2.0730049044290056e-10,1.1219999082207226,1.5707963267948966,10,0.14448091975222965,50.318283278927375,0,IK_POSITION_ERROR,,14
55,0.0,0.06999982686116368,-2.0730049044290056e-10,1.1219999082207226,1.5707963267948966,11,0.1863909368038838,53.0170225779171,0,IK_POSITION_ERROR,,37
55,0.0,0.06999982686116368,-2.0730049044290056e-10,1.1219999082207226,1.5707963267948966,12,0.18483963743402845,73.39023805198059,0,IK_POSITION_ERROR,,15
55,0.0,0.06999982686116368,-2.0730049044290056e-10,1.1219999082207226,1.5707963267948966,13,0.27351781518776147,49.29198424469993,0,IK_POSITION_ERROR,,49
55,0.0,0.06999982686116368,-2.0730049044290056e-10,1.1219999082207226,1.5707963267948966,14,0.1799737988701996,92.71177919891868,0,IK_POSITION_ERROR,,38
55,0.0,0.06999982686116368,-2.0730049044290056e-10,1.1219999082207226,1.5707963267948966,15,0.1610002878677172,78.57106556396332,0,IK_POSITION_ERROR,,36
55,0.0,0.06999982686116368,-2.0730049044290056e-10,1.1219999082207226,1.5707963267948966,16,0.32203351356763704,106.18508295589645,0,IK_POSITION_ERROR,,16
55,0.0,0.06999982686116368,-2.0730049044290056e-10,1.1219999082207226,1.5707963267948966,17,0.17993264062990239,43.91742025720733,0,IK_POSITION_ERROR,,42
55,0.0,0.06999982686116368,-2.0730049044290056e-10,1.1219999082207226,1.5707963267948966,18,0.4386642222861465,154.70116151936946,0,IK_POSITION_ERROR,,99
55,0.0,0.06999982686116368,-2.0730049044290056e-10,1.1219999082207226,1.5707963267948966,19,0.3286767104628081,110.08896534612289,0,IK_POSITION_ERROR,,5
55,0.0,0.06999982686116368,-2.0730049044290056e-10,1.1219999082207226,1.5707963267948966,20,0.19294544581048098,55.090063385199706,0,IK_POSITION_ERROR,,38
55,0.0,0.06999982686116368,-2.0730049044290056e-10,1.1219999082207226,1.5707963267948966,21,0.23548537760753588,67.13551779023395,0,IK_POSITION_ERROR,,25
55,0.0,0.06999982686116368,-2.0730049044290056e-10,1.1219999082207226,1.5707963267948966,22,0.26216949239193854,102.90853881032236,0,IK_POSITION_ERROR,,14
55,0.0,0.06999982686116368,-2.0730049044290056e-10,1.1219999082207226,1.5707963267948966,23,0.2891862009945372,73.28096388222,0,IK_POSITION_ERROR,,42
55,0.0,0.06999982686116368,-2.0730049044290056e-10,1.1219999082207226,1.5707963267948966,24,0.276012750083176,71.68230048652093,0,IK_POSITION_ERROR,,30
55,0.0,0.06999982686116368,-2.0730049044290056e-10,1.1219999082207226,1.5707963267948966,25,0.1948427308557088,78.2188028526077,0,IK_POSITION_ERROR,,35
55,0.0,0.06999982686116368,-2.0730049044290056e-10,1.1219999082207226,1.5707963267948966,26,0.26999579443689375,54.57027743447129,0,IK_POSITION_ERROR,,32
55,0.0,0.06999982686116368,-2.0730049044290056e-10,1.1219999082207226,1.5707963267948966,27,0.23452383126742146,119.27259806746015,0,IK_POSITION_ERROR,,11
55,0.0,0.06999982686116368,-2.0730049044290056e-10,1.1219999082207226,1.5707963267948966,28,0.31304396952368474,57.27553948603617,0,IK_POSITION_ERROR,,5
55,0.0,0.06999982686116368,-2.0730049044290056e-10,1.1219999082207226,1.7671458676442586,0,0.2628660186397626,31.609535462012207,0,IK_POSITION_ERROR,,10
55,0.0,0.06999982686116368,-2.0730049044290056e-10,1.1219999082207226,1.7671458676442586,1,0.14448091975222965,50.318283278927346,0,IK_POSITION_ERROR,,0
55,0.0,0.06999982686116368,-2.0730049044290056e-10,1.1219999082207226,1.7671458676442586,2,0.25734922093993917,31.876787021091996,0,IK_POSITION_ERROR,,12
55,0.0,0.06999982686116368,-2.0730049044290056e-10,1.1219999082207226,1.7671458676442586,3,0.246600147068089,29.468740515774687,0,IK_POSITION_ERROR,,16
55,0.0,0.06999982686116368,-2.0730049044290056e-10,1.1219999082207226,1.7671458676442586,4,0.1849306750892685,57.70137286986502,0,IK_POSITION_ERROR,,12
55,0.0,0.06999982686116368,-2.0730049044290056e-10,1.1219999082207226,1.7671458676442586,5,0.24225052107364822,52.74590548195596,0,IK_POSITION_ERROR,,12
55,0.0,0.06999982686116368,-2.0730049044290056e-10,1.1219999082207226,1.7671458676442586,6,0.4382359028846218,168.36580829007863,0,IK_POSITION_ERROR,,27
55,0.0,0.06999982686116368,-2.0730049044290056e-10,1.1219999082207226,1.7671458676442586,7,0.1661252195846115,49.1259052597552,0,IK_POSITION_ERROR,,62
55,0.0,0.06999982686116368,-2.0730049044290056e-10,1.1219999082207226,1.7671458676442586,8,0.32055349808666384,98.24756749327312,0,IK_POSITION_ERROR,,15
55,0.0,0.06999982686116368,-2.0730049044290056e-10,1.1219999082207226,1.7671458676442586,9,0.4723440507463825,158.8796669913283,0,IK_POSITION_ERROR,,420
55,0.0,0.06999982686116368,-2.0730049044290056e-10,1.1219999082207226,1.7671458676442586,10,0.14448091975222965,50.318283278927346,0,IK_POSITION_ERROR,,14
55,0.0,0.06999982686116368,-2.0730049044290056e-10,1.1219999082207226,1.7671458676442586,11,0.1863909368038838,53.017022577917075,0,IK_POSITION_ERROR,,37
55,0.0,0.06999982686116368,-2.0730049044290056e-10,1.1219999082207226,1.7671458676442586,12,0.18483963743402845,73.39023805198059,0,IK_POSITION_ERROR,,15
55,0.0,0.06999982686116368,-2.0730049044290056e-10,1.1219999082207226,1.7671458676442586,13,0.27351781518776147,49.291984244699904,0,IK_POSITION_ERROR,,49
55,0.0,0.06999982686116368,-2.0730049044290056e-10,1.1219999082207226,1.7671458676442586,14,0.1799737988701996,92.71177919891865,0,IK_POSITION_ERROR,,38
55,0.0,0.06999982686116368,-2.0730049044290056e-10,1.1219999082207226,1.7671458676442586,15,0.1610002878677172,78.5710655639633,0,IK_POSITION_ERROR,,36
55,0.0,0.06999982686116368,-2.0730049044290056e-10,1.1219999082207226,1.7671458676442586,16,0.32203351356763704,106.18508295589643,0,IK_POSITION_ERROR,,16
55,0.0,0.06999982686116368,-2.0730049044290056e-10,1.1219999082207226,1.7671458676442586,17,0.17993264062990239,43.91742025720732,0,IK_POSITION_ERROR,,42
55,0.0,0.06999982686116368,-2.0730049044290056e-10,1.1219999082207226,1.7671458676442586,18,0.4386642222861465,154.7011615193694,0,IK_POSITION_ERROR,,99
55,0.0,0.06999982686116368,-2.0730049044290056e-10,1.1219999082207226,1.7671458676442586,19,0.3286767104628081,110.08896534612286,0,IK_POSITION_ERROR,,5
55,0.0,0.06999982686116368,-2.0730049044290056e-10,1.1219999082207226,1.7671458676442586,20,0.19294544581048098,55.09006338519968,0,IK_POSITION_ERROR,,38
55,0.0,0.06999982686116368,-2.0730049044290056e-10,1.1219999082207226,1.7671458676442586,21,0.23548537760753588,67.13551779023392,0,IK_POSITION_ERROR,,25
55,0.0,0.06999982686116368,-2.0730049044290056e-10,1.1219999082207226,1.7671458676442586,22,0.26216949239193854,102.90853881032233,0,IK_POSITION_ERROR,,14
55,0.0,0.06999982686116368,-2.0730049044290056e-10,1.1219999082207226,1.7671458676442586,23,0.2891862009945372,73.28096388221996,0,IK_POSITION_ERROR,,42
55,0.0,0.06999982686116368,-2.0730049044290056e-10,1.1219999082207226,1.7671458676442586,24,0.276012750083176,71.6823004865209,0,IK_POSITION_ERROR,,30
55,0.0,0.06999982686116368,-2.0730049044290056e-10,1.1219999082207226,1.7671458676442586,25,0.1948427308557088,78.21880285260767,0,IK_POSITION_ERROR,,35
55,0.0,0.06999982686116368,-2.0730049044290056e-10,1.1219999082207226,1.7671458676442586,26,0.26999579443689375,54.570277434471265,0,IK_POSITION_ERROR,,32
55,0.0,0.06999982686116368,-2.0730049044290056e-10,1.1219999082207226,1.7671458676442586,27,0.23452383126742146,119.27259806746012,0,IK_POSITION_ERROR,,11
55,0.0,0.06999982686116368,-2.0730049044290056e-10,1.1219999082207226,1.9634954084936207,0,0.2628660186397626,31.609535462012207,0,IK_POSITION_ERROR,,10
55,0.0,0.06999982686116368,-2.0730049044290056e-10,1.1219999082207226,1.9634954084936207,1,0.14448091975222965,50.318283278927346,0,IK_POSITION_ERROR,,0
55,0.0,0.06999982686116368,-2.0730049044290056e-10,1.1219999082207226,1.9634954084936207,2,0.25734922093993917,31.876787021091996,0,IK_POSITION_ERROR,,12
55,0.0,0.06999982686116368,-2.0730049044290056e-10,1.1219999082207226,1.9634954084936207,3,0.246600147068089,29.468740515774687,0,IK_POSITION_ERROR,,16
55,0.0,0.06999982686116368,-2.0730049044290056e-10,1.1219999082207226,1.9634954084936207,4,0.1849306750892685,57.70137286986502,0,IK_POSITION_ERROR,,12
55,0.0,0.06999982686116368,-2.0730049044290056e-10,1.1219999082207226,1.9634954084936207,5,0.24225052107364822,52.74590548195596,0,IK_POSITION_ERROR,,12
55,0.0,0.06999982686116368,-2.0730049044290056e-10,1.1219999082207226,1.9634954084936207,6,0.4382359028846218,168.36580829007863,0,IK_POSITION_ERROR,,27
55,0.0,0.06999982686116368,-2.0730049044290056e-10,1.1219999082207226,1.9634954084936207,7,0.1661252195846115,49.1259052597552,0,IK_POSITION_ERROR,,62
55,0.0,0.06999982686116368,-2.0730049044290056e-10,1.1219999082207226,1.9634954084936207,8,0.32055349808666384,98.24756749327312,0,IK_POSITION_ERROR,,15
55,0.0,0.06999982686116368,-2.0730049044290056e-10,1.1219999082207226,1.9634954084936207,9,0.47234405368856713,158.87966914903188,0,IK_POSITION_ERROR,,420
55,0.0,0.06999982686116368,-2.0730049044290056e-10,1.1219999082207226,1.9634954084936207,10,0.14448091975222965,50.318283278927346,0,IK_POSITION_ERROR,,14
55,0.0,0.06999982686116368,-2.0730049044290056e-10,1.1219999082207226,1.9634954084936207,11,0.1863909368038838,53.01702257791708,0,IK_POSITION_ERROR,,37
55,0.0,0.06999982686116368,-2.0730049044290056e-10,1.1219999082207226,1.9634954084936207,12,0.18483963743402845,73.39023805198059,0,IK_POSITION_ERROR,,15
55,0.0,0.06999982686116368,-2.0730049044290056e-10,1.1219999082207226,1.9634954084936207,13,0.27351781518776147,49.291984244699904,0,IK_POSITION_ERROR,,49
55,0.0,0.06999982686116368,-2.0730049044290056e-10,1.1219999082207226,1.9634954084936207,14,0.1799737988701996,92.71177919891865,0,IK_POSITION_ERROR,,38
55,0.0,0.06999982686116368,-2.0730049044290056e-10,1.1219999082207226,1.9634954084936207,15,0.1610002878677172,78.5710655639633,0,IK_POSITION_ERROR,,36
55,0.0,0.06999982686116368,-2.0730049044290056e-10,1.1219999082207226,1.9634954084936207,16,0.32203351356763704,106.18508295589643,0,IK_POSITION_ERROR,,16
55,0.0,0.06999982686116368,-2.0730049044290056e-10,1.1219999082207226,1.9634954084936207,17,0.17993264062990239,43.91742025720732,0,IK_POSITION_ERROR,,42
55,0.0,0.06999982686116368,-2.0730049044290056e-10,1.1219999082207226,1.9634954084936207,18,0.4386642222861465,154.7011615193694,0,IK_POSITION_ERROR,,99
55,0.0,0.06999982686116368,-2.0730049044290056e-10,1.1219999082207226,1.9634954084936207,19,0.3286767104628081,110.08896534612286,0,IK_POSITION_ERROR,,5
55,0.0,0.06999982686116368,-2.0730049044290056e-10,1.1219999082207226,1.9634954084936207,20,0.19294544581048098,55.090063385199684,0,IK_POSITION_ERROR,,38
55,0.0,0.06999982686116368,-2.0730049044290056e-10,1.1219999082207226,1.9634954084936207,21,0.23548537760753588,67.13551779023393,0,IK_POSITION_ERROR,,25
55,0.0,0.06999982686116368,-2.0730049044290056e-10,1.1219999082207226,1.9634954084936207,22,0.26216949239193854,102.90853881032233,0,IK_POSITION_ERROR,,14
55,0.0,0.06999982686116368,-2.0730049044290056e-10,1.1219999082207226,1.9634954084936207,23,0.2891862009945372,73.28096388221996,0,IK_POSITION_ERROR,,42
55,0.0,0.06999982686116368,-2.0730049044290056e-10,1.1219999082207226,1.9634954084936207,24,0.276012750083176,71.6823004865209,0,IK_POSITION_ERROR,,30
55,0.0,0.06999982686116368,-2.0730049044290056e-10,1.1219999082207226,1.9634954084936207,25,0.1948427308557088,78.21880285260767,0,IK_POSITION_ERROR,,35
55,0.0,0.06999982686116368,-2.0730049044290056e-10,1.1219999082207226,1.9634954084936207,26,0.26999579443689375,54.570277434471265,0,IK_POSITION_ERROR,,32
55,0.0,0.06999982686116368,-2.0730049044290056e-10,1.1219999082207226,1.9634954084936207,27,0.23452383126742146,119.27259806746012,0,IK_POSITION_ERROR,,11
55,0.0,0.06999982686116368,-2.0730049044290056e-10,1.1219999082207226,1.9634954084936207,28,0.3002103381509296,63.12045603306305,0,IK_POSITION_ERROR,,4
55,0.0,0.06999982686116368,-2.0730049044290056e-10,1.1219999082207226,2.1598449493429825,0,0.2628660186397626,31.609535462012218,0,IK_POSITION_ERROR,,10
55,0.0,0.06999982686116368,-2.0730049044290056e-10,1.1219999082207226,2.1598449493429825,1,0.14448091975222965,50.31828327892736,0,IK_POSITION_ERROR,,0
55,0.0,0.06999982686116368,-2.0730049044290056e-10,1.1219999082207226,2.1598449493429825,2,0.25734922093993917,31.876787021092007,0,IK_POSITION_ERROR,,12
55,0.0,0.06999982686116368,-2.0730049044290056e-10,1.1219999082207226,2.1598449493429825,3,0.246600147068089,29.468740515774698,0,IK_POSITION_ERROR,,16
55,0.0,0.06999982686116368,-2.0730049044290056e-10,1.1219999082207226,2.1598449493429825,4,0.1849306750892685,57.70137286986503,0,IK_POSITION_ERROR,,12
55,0.0,0.06999982686116368,-2.0730049044290056e-10,1.1219999082207226,2.1598449493429825,5,0.24225052107364822,52.745905481955965,0,IK_POSITION_ERROR,,12
55,0.0,0.06999982686116368,-2.0730049044290056e-10,1.1219999082207226,2.1598449493429825,6,0.4382359028846218,168.36580829007863,0,IK_POSITION_ERROR,,27
55,0.0,0.06999982686116368,-2.0730049044290056e-10,1.1219999082207226,2.1598449493429825,7,0.1661252195846115,49.12590525975521,0,IK_POSITION_ERROR,,62
55,0.0,0.06999982686116368,-2.0730049044290056e-10,1.1219999082207226,2.1598449493429825,8,0.32055349808666384,98.24756749327315,0,IK_POSITION_ERROR,,15
55,0.0,0.06999982686116368,-2.0730049044290056e-10,1.1219999082207226,2.1598449493429825,9,0.4723439908342979,158.87966395983153,0,IK_POSITION_ERROR,,420
55,0.0,0.06999982686116368,-2.0730049044290056e-10,1.1219999082207226,2.1598449493429825,10,0.14448091975222965,50.31828327892736,0,IK_POSITION_ERROR,,14
55,0.0,0.06999982686116368,-2.0730049044290056e-10,1.1219999082207226,2.1598449493429825,11,0.1863909368038838,53.017022577917096,0,IK_POSITION_ERROR,,37
55,0.0,0.06999982686116368,-2.0730049044290056e-10,1.1219999082207226,2.1598449493429825,12,0.18483963743402845,73.39023805198059,0,IK_POSITION_ERROR,,15
55,0.0,0.06999982686116368,-2.0730049044290056e-10,1.1219999082207226,2.1598449493429825,13,0.27351781518776147,49.29198424469992,0,IK_POSITION_ERROR,,49
55,0.0,0.06999982686116368,-2.0730049044290056e-10,1.1219999082207226,2.1598449493429825,14,0.1799737988701996,92.71177919891866,0,IK_POSITION_ERROR,,38
55,0.0,0.06999982686116368,-2.0730049044290056e-10,1.1219999082207226,2.1598449493429825,15,0.1610002878677172,78.5710655639633,0,IK_POSITION_ERROR,,36
55,0.0,0.06999982686116368,-2.0730049044290056e-10,1.1219999082207226,2.1598449493429825,16,0.32203351356763704,106.18508295589643,0,IK_POSITION_ERROR,,16
55,0.0,0.06999982686116368,-2.0730049044290056e-10,1.1219999082207226,2.1598449493429825,17,0.17993264062990239,43.91742025720733,0,IK_POSITION_ERROR,,42
55,0.0,0.06999982686116368,-2.0730049044290056e-10,1.1219999082207226,2.1598449493429825,18,0.4386642222861465,154.70116151936944,0,IK_POSITION_ERROR,,99
55,0.0,0.06999982686116368,-2.0730049044290056e-10,1.1219999082207226,2.1598449493429825,19,0.3286767104628081,110.08896534612288,0,IK_POSITION_ERROR,,5
55,0.0,0.06999982686116368,-2.0730049044290056e-10,1.1219999082207226,2.1598449493429825,20,0.19294544581048098,55.0900633851997,0,IK_POSITION_ERROR,,38
55,0.0,0.06999982686116368,-2.0730049044290056e-10,1.1219999082207226,2.1598449493429825,21,0.23548537760753588,67.13551779023395,0,IK_POSITION_ERROR,,25
55,0.0,0.06999982686116368,-2.0730049044290056e-10,1.1219999082207226,2.1598449493429825,22,0.26216949239193854,102.90853881032233,0,IK_POSITION_ERROR,,14
55,0.0,0.06999982686116368,-2.0730049044290056e-10,1.1219999082207226,2.1598449493429825,23,0.2891862009945372,73.28096388221998,0,IK_POSITION_ERROR,,42
55,0.0,0.06999982686116368,-2.0730049044290056e-10,1.1219999082207226,2.1598449493429825,24,0.276012750083176,71.68230048652092,0,IK_POSITION_ERROR,,30
55,0.0,0.06999982686116368,-2.0730049044290056e-10,1.1219999082207226,2.1598449493429825,25,0.1948427308557088,78.21880285260768,0,IK_POSITION_ERROR,,35
55,0.0,0.06999982686116368,-2.0730049044290056e-10,1.1219999082207226,2.1598449493429825,26,0.26999579443689375,54.57027743447128,0,IK_POSITION_ERROR,,32
55,0.0,0.06999982686116368,-2.0730049044290056e-10,1.1219999082207226,2.1598449493429825,27,0.23452383126742146,119.27259806746015,0,IK_POSITION_ERROR,,11
55,0.0,0.06999982686116368,-2.0730049044290056e-10,1.1219999082207226,2.356194490192345,0,0.2628660186397626,31.609535462012207,0,IK_POSITION_ERROR,,10
55,0.0,0.06999982686116368,-2.0730049044290056e-10,1.1219999082207226,2.356194490192345,1,0.14448091975222965,50.31828327892735,0,IK_POSITION_ERROR,,0
55,0.0,0.06999982686116368,-2.0730049044290056e-10,1.1219999082207226,2.356194490192345,2,0.25734922093993917,31.876787021092007,0,IK_POSITION_ERROR,,12
55,0.0,0.06999982686116368,-2.0730049044290056e-10,1.1219999082207226,2.356194490192345,3,0.246600147068089,29.468740515774698,0,IK_POSITION_ERROR,,16
55,0.0,0.06999982686116368,-2.0730049044290056e-10,1.1219999082207226,2.356194490192345,4,0.1849306750892685,57.70137286986503,0,IK_POSITION_ERROR,,12
55,0.0,0.06999982686116368,-2.0730049044290056e-10,1.1219999082207226,2.356194490192345,5,0.24225052107364822,52.745905481955965,0,IK_POSITION_ERROR,,12
55,0.0,0.06999982686116368,-2.0730049044290056e-10,1.1219999082207226,2.356194490192345,6,0.4382359028846218,168.36580829007863,0,IK_POSITION_ERROR,,27
55,0.0,0.06999982686116368,-2.0730049044290056e-10,1.1219999082207226,2.356194490192345,7,0.1661252195846115,49.12590525975521,0,IK_POSITION_ERROR,,62
55,0.0,0.06999982686116368,-2.0730049044290056e-10,1.1219999082207226,2.356194490192345,8,0.32055349808666384,98.24756749327314,0,IK_POSITION_ERROR,,15
55,0.0,0.06999982686116368,-2.0730049044290056e-10,1.1219999082207226,2.356194490192345,9,0.4723440312632577,158.87966699132832,0,IK_POSITION_ERROR,,420
55,0.0,0.06999982686116368,-2.0730049044290056e-10,1.1219999082207226,2.356194490192345,10,0.14448091975222965,50.31828327892735,0,IK_POSITION_ERROR,,14
55,0.0,0.06999982686116368,-2.0730049044290056e-10,1.1219999082207226,2.356194490192345,11,0.1863909368038838,53.01702257791708,0,IK_POSITION_ERROR,,37
55,0.0,0.06999982686116368,-2.0730049044290056e-10,1.1219999082207226,2.356194490192345,12,0.18483963743402845,73.39023805198059,0,IK_POSITION_ERROR,,15
55,0.0,0.06999982686116368,-2.0730049044290056e-10,1.1219999082207226,2.356194490192345,13,0.27351781518776147,49.29198424469992,0,IK_POSITION_ERROR,,49
55,0.0,0.06999982686116368,-2.0730049044290056e-10,1.1219999082207226,2.356194490192345,14,0.1799737988701996,92.71177919891866,0,IK_POSITION_ERROR,,38
55,0.0,0.06999982686116368,-2.0730049044290056e-10,1.1219999082207226,2.356194490192345,15,0.1610002878677172,78.5710655639633,0,IK_POSITION_ERROR,,36
55,0.0,0.06999982686116368,-2.0730049044290056e-10,1.1219999082207226,2.356194490192345,16,0.32203351356763704,106.18508295589643,0,IK_POSITION_ERROR,,16
55,0.0,0.06999982686116368,-2.0730049044290056e-10,1.1219999082207226,2.356194490192345,17,0.17993264062990239,43.917420257207326,0,IK_POSITION_ERROR,,42
55,0.0,0.06999982686116368,-2.0730049044290056e-10,1.1219999082207226,2.356194490192345,18,0.4386642222861465,154.70116151936944,0,IK_POSITION_ERROR,,99
55,0.0,0.06999982686116368,-2.0730049044290056e-10,1.1219999082207226,2.356194490192345,19,0.3286767104628081,110.08896534612288,0,IK_POSITION_ERROR,,5
55,0.0,0.06999982686116368,-2.0730049044290056e-10,1.1219999082207226,2.356194490192345,20,0.19294544581048098,55.090063385199684,0,IK_POSITION_ERROR,,38
55,0.0,0.06999982686116368,-2.0730049044290056e-10,1.1219999082207226,2.356194490192345,21,0.23548537760753588,67.13551779023393,0,IK_POSITION_ERROR,,25
55,0.0,0.06999982686116368,-2.0730049044290056e-10,1.1219999082207226,2.356194490192345,22,0.26216949239193854,102.90853881032234,0,IK_POSITION_ERROR,,14
55,0.0,0.06999982686116368,-2.0730049044290056e-10,1.1219999082207226,2.356194490192345,23,0.2891862009945372,73.28096388221998,0,IK_POSITION_ERROR,,42
55,0.0,0.06999982686116368,-2.0730049044290056e-10,1.1219999082207226,2.356194490192345,24,0.276012750083176,71.68230048652092,0,IK_POSITION_ERROR,,30
55,0.0,0.06999982686116368,-2.0730049044290056e-10,1.1219999082207226,2.356194490192345,25,0.1948427308557088,78.21880285260767,0,IK_POSITION_ERROR,,35
55,0.0,0.06999982686116368,-2.0730049044290056e-10,1.1219999082207226,2.356194490192345,26,0.26999579443689375,54.57027743447128,0,IK_POSITION_ERROR,,32
55,0.0,0.06999982686116368,-2.0730049044290056e-10,1.1219999082207226,2.356194490192345,27,0.23452383126742146,119.27259806746012,0,IK_POSITION_ERROR,,11
55,0.0,0.06999982686116368,-2.0730049044290056e-10,1.1219999082207226,2.552544031041707,0,0.2628660186397626,31.609535462012207,0,IK_POSITION_ERROR,,10
55,0.0,0.06999982686116368,-2.0730049044290056e-10,1.1219999082207226,2.552544031041707,1,0.14448091975222965,50.318283278927346,0,IK_POSITION_ERROR,,0
55,0.0,0.06999982686116368,-2.0730049044290056e-10,1.1219999082207226,2.552544031041707,2,0.25734922093993917,31.876787021091996,0,IK_POSITION_ERROR,,12
55,0.0,0.06999982686116368,-2.0730049044290056e-10,1.1219999082207226,2.552544031041707,3,0.246600147068089,29.468740515774687,0,IK_POSITION_ERROR,,16
55,0.0,0.06999982686116368,-2.0730049044290056e-10,1.1219999082207226,2.552544031041707,4,0.1849306750892685,57.70137286986502,0,IK_POSITION_ERROR,,12
55,0.0,0.06999982686116368,-2.0730049044290056e-10,1.1219999082207226,2.552544031041707,5,0.24225052107364822,52.74590548195596,0,IK_POSITION_ERROR,,12
55,0.0,0.06999982686116368,-2.0730049044290056e-10,1.1219999082207226,2.552544031041707,6,0.4382359028846218,168.36580829007863,0,IK_POSITION_ERROR,,27
55,0.0,0.06999982686116368,-2.0730049044290056e-10,1.1219999082207226,2.552544031041707,7,0.1661252195846115,49.1259052597552,0,IK_POSITION_ERROR,,62
55,0.0,0.06999982686116368,-2.0730049044290056e-10,1.1219999082207226,2.552544031041707,8,0.32055349808666384,98.24756749327312,0,IK_POSITION_ERROR,,15
55,0.0,0.06999982686116368,-2.0730049044290056e-10,1.1219999082207226,2.552544031041707,9,0.47234405368856713,158.87966914903188,0,IK_POSITION_ERROR,,420
55,0.0,0.06999982686116368,-2.0730049044290056e-10,1.1219999082207226,2.552544031041707,10,0.14448091975222965,50.318283278927346,0,IK_POSITION_ERROR,,14
55,0.0,0.06999982686116368,-2.0730049044290056e-10,1.1219999082207226,2.552544031041707,11,0.1863909368038838,53.01702257791708,0,IK_POSITION_ERROR,,37
55,0.0,0.06999982686116368,-2.0730049044290056e-10,1.1219999082207226,2.552544031041707,12,0.18483963743402845,73.39023805198059,0,IK_POSITION_ERROR,,15
55,0.0,0.06999982686116368,-2.0730049044290056e-10,1.1219999082207226,2.552544031041707,13,0.27351781518776147,49.291984244699904,0,IK_POSITION_ERROR,,49
55,0.0,0.06999982686116368,-2.0730049044290056e-10,1.1219999082207226,2.552544031041707,14,0.1799737988701996,92.71177919891865,0,IK_POSITION_ERROR,,38
55,0.0,0.06999982686116368,-2.0730049044290056e-10,1.1219999082207226,2.552544031041707,15,0.1610002878677172,78.5710655639633,0,IK_POSITION_ERROR,,36
55,0.0,0.06999982686116368,-2.0730049044290056e-10,1.1219999082207226,2.552544031041707,16,0.32203351356763704,106.18508295589643,0,IK_POSITION_ERROR,,16
55,0.0,0.06999982686116368,-2.0730049044290056e-10,1.1219999082207226,2.552544031041707,17,0.17993264062990239,43.91742025720732,0,IK_POSITION_ERROR,,42
55,0.0,0.06999982686116368,-2.0730049044290056e-10,1.1219999082207226,2.552544031041707,18,0.4386642222861465,154.7011615193694,0,IK_POSITION_ERROR,,99
55,0.0,0.06999982686116368,-2.0730049044290056e-10,1.1219999082207226,2.552544031041707,19,0.3286767104628081,110.08896534612286,0,IK_POSITION_ERROR,,5
55,0.0,0.06999982686116368,-2.0730049044290056e-10,1.1219999082207226,2.552544031041707,20,0.19294544581048098,55.090063385199684,0,IK_POSITION_ERROR,,38
55,0.0,0.06999982686116368,-2.0730049044290056e-10,1.1219999082207226,2.552544031041707,21,0.23548537760753588,67.13551779023393,0,IK_POSITION_ERROR,,25
55,0.0,0.06999982686116368,-2.0730049044290056e-10,1.1219999082207226,2.552544031041707,22,0.26216949239193854,102.90853881032233,0,IK_POSITION_ERROR,,14
55,0.0,0.06999982686116368,-2.0730049044290056e-10,1.1219999082207226,2.552544031041707,23,0.2891862009945372,73.28096388221996,0,IK_POSITION_ERROR,,42
55,0.0,0.06999982686116368,-2.0730049044290056e-10,1.1219999082207226,2.552544031041707,24,0.276012750083176,71.6823004865209,0,IK_POSITION_ERROR,,30
55,0.0,0.06999982686116368,-2.0730049044290056e-10,1.1219999082207226,2.552544031041707,25,0.1948427308557088,78.21880285260767,0,IK_POSITION_ERROR,,35
55,0.0,0.06999982686116368,-2.0730049044290056e-10,1.1219999082207226,2.552544031041707,26,0.26999579443689375,54.570277434471265,0,IK_POSITION_ERROR,,32
55,0.0,0.06999982686116368,-2.0730049044290056e-10,1.1219999082207226,2.552544031041707,27,0.23452383126742146,119.27259806746012,0,IK_POSITION_ERROR,,11
55,0.0,0.06999982686116368,-2.0730049044290056e-10,1.1219999082207226,2.748893571891069,0,0.2628660186397626,31.609535462012232,0,IK_POSITION_ERROR,,10
55,0.0,0.06999982686116368,-2.0730049044290056e-10,1.1219999082207226,2.748893571891069,1,0.14448091975222965,50.318283278927375,0,IK_POSITION_ERROR,,0
55,0.0,0.06999982686116368,-2.0730049044290056e-10,1.1219999082207226,2.748893571891069,2,0.25734922093993917,31.87678702109202,0,IK_POSITION_ERROR,,12
55,0.0,0.06999982686116368,-2.0730049044290056e-10,1.1219999082207226,2.748893571891069,3,0.246600147068089,29.468740515774698,0,IK_POSITION_ERROR,,16
55,0.0,0.06999982686116368,-2.0730049044290056e-10,1.1219999082207226,2.748893571891069,4,0.1849306750892685,57.70137286986504,0,IK_POSITION_ERROR,,12
55,0.0,0.06999982686116368,-2.0730049044290056e-10,1.1219999082207226,2.748893571891069,5,0.24225052107364822,52.74590548195598,0,IK_POSITION_ERROR,,12
55,0.0,0.06999982686116368,-2.0730049044290056e-10,1.1219999082207226,2.748893571891069,6,0.4382359028846218,168.36580829007863,0,IK_POSITION_ERROR,,27
55,0.0,0.06999982686116368,-2.0730049044290056e-10,1.1219999082207226,2.748893571891069,7,0.1661252195846115,49.12590525975523,0,IK_POSITION_ERROR,,62
55,0.0,0.06999982686116368,-2.0730049044290056e-10,1.1219999082207226,2.748893571891069,8,0.32055349808666384,98.24756749327315,0,IK_POSITION_ERROR,,15
55,0.0,0.06999982686116368,-2.0730049044290056e-10,1.1219999082207226,2.748893571891069,9,0.47234398824640045,158.8796630860384,0,IK_POSITION_ERROR,,420
55,0.0,0.06999982686116368,-2.0730049044290056e-10,1.1219999082207226,2.748893571891069,10,0.14448091975222965,50.318283278927375,0,IK_POSITION_ERROR,,14
55,0.0,0.06999982686116368,-2.0730049044290056e-10,1.1219999082207226,2.748893571891069,11,0.1863909368038838,53.0170225779171,0,IK_POSITION_ERROR,,37
55,0.0,0.06999982686116368,-2.0730049044290056e-10,1.1219999082207226,2.748893571891069,12,0.18483963743402845,73.39023805198059,0,IK_POSITION_ERROR,,15
55,0.0,0.06999982686116368,-2.0730049044290056e-10,1.1219999082207226,2.748893571891069,13,0.27351781518776147,49.29198424469993,0,IK_POSITION_ERROR,,49
55,0.0,0.06999982686116368,-2.0730049044290056e-10,1.1219999082207226,2.748893571891069,14,0.1799737988701996,92.71177919891868,0,IK_POSITION_ERROR,,38
55,0.0,0.06999982686116368,-2.0730049044290056e-10,1.1219999082207226,2.748893571891069,15,0.1610002878677172,78.57106556396332,0,IK_POSITION_ERROR,,36
55,0.0,0.06999982686116368,-2.0730049044290056e-10,1.1219999082207226,2.748893571891069,16,0.32203351356763704,106.18508295589645,0,IK_POSITION_ERROR,,16
55,0.0,0.06999982686116368,-2.0730049044290056e-10,1.1219999082207226,2.748893571891069,17,0.17993264062990239,43.91742025720733,0,IK_POSITION_ERROR,,42
55,0.0,0.06999982686116368,-2.0730049044290056e-10,1.1219999082207226,2.748893571891069,18,0.4386642222861465,154.70116151936946,0,IK_POSITION_ERROR,,99
55,0.0,0.06999982686116368,-2.0730049044290056e-10,1.1219999082207226,2.748893571891069,19,0.3286767104628081,110.08896534612289,0,IK_POSITION_ERROR,,5
55,0.0,0.06999982686116368,-2.0730049044290056e-10,1.1219999082207226,2.748893571891069,20,0.19294544581048098,55.0900633851997,0,IK_POSITION_ERROR,,38
55,0.0,0.06999982686116368,-2.0730049044290056e-10,1.1219999082207226,2.748893571891069,21,0.23548537760753588,67.13551779023395,0,IK_POSITION_ERROR,,25
55,0.0,0.06999982686116368,-2.0730049044290056e-10,1.1219999082207226,2.748893571891069,22,0.26216949239193854,102.90853881032236,0,IK_POSITION_ERROR,,14
55,0.0,0.06999982686116368,-2.0730049044290056e-10,1.1219999082207226,2.748893571891069,23,0.2891862009945372,73.28096388222,0,IK_POSITION_ERROR,,42
55,0.0,0.06999982686116368,-2.0730049044290056e-10,1.1219999082207226,2.748893571891069,24,0.276012750083176,71.68230048652093,0,IK_POSITION_ERROR,,30
55,0.0,0.06999982686116368,-2.0730049044290056e-10,1.1219999082207226,2.748893571891069,25,0.1948427308557088,78.21880285260768,0,IK_POSITION_ERROR,,35
55,0.0,0.06999982686116368,-2.0730049044290056e-10,1.1219999082207226,2.748893571891069,26,0.26999579443689375,54.57027743447129,0,IK_POSITION_ERROR,,32
55,0.0,0.06999982686116368,-2.0730049044290056e-10,1.1219999082207226,2.748893571891069,27,0.23452383126742146,119.27259806746015,0,IK_POSITION_ERROR,,11
55,0.0,0.06999982686116368,-2.0730049044290056e-10,1.1219999082207226,2.945243112740431,0,0.2628660186397626,31.609535462012218,0,IK_POSITION_ERROR,,10
55,0.0,0.06999982686116368,-2.0730049044290056e-10,1.1219999082207226,2.945243112740431,1,0.14448091975222965,50.31828327892736,0,IK_POSITION_ERROR,,0
55,0.0,0.06999982686116368,-2.0730049044290056e-10,1.1219999082207226,2.945243112740431,2,0.25734922093993917,31.876787021092007,0,IK_POSITION_ERROR,,12
55,0.0,0.06999982686116368,-2.0730049044290056e-10,1.1219999082207226,2.945243112740431,3,0.246600147068089,29.468740515774698,0,IK_POSITION_ERROR,,16
55,0.0,0.06999982686116368,-2.0730049044290056e-10,1.1219999082207226,2.945243112740431,4,0.1849306750892685,57.70137286986503,0,IK_POSITION_ERROR,,12
55,0.0,0.06999982686116368,-2.0730049044290056e-10,1.1219999082207226,2.945243112740431,5,0.24225052107364822,52.745905481955965,0,IK_POSITION_ERROR,,12
55,0.0,0.06999982686116368,-2.0730049044290056e-10,1.1219999082207226,2.945243112740431,6,0.4382359028846218,168.36580829007863,0,IK_POSITION_ERROR,,27
55,0.0,0.06999982686116368,-2.0730049044290056e-10,1.1219999082207226,2.945243112740431,7,0.1661252195846115,49.12590525975521,0,IK_POSITION_ERROR,,62
55,0.0,0.06999982686116368,-2.0730049044290056e-10,1.1219999082207226,2.945243112740431,8,0.32055349808666384,98.24756749327314,0,IK_POSITION_ERROR,,15
55,0.0,0.06999982686116368,-2.0730049044290056e-10,1.1219999082207226,2.945243112740431,9,0.4723440312632577,158.87966699132832,0,IK_POSITION_ERROR,,420
55,0.0,0.06999982686116368,-2.0730049044290056e-10,1.1219999082207226,2.945243112740431,10,0.14448091975222965,50.31828327892736,0,IK_POSITION_ERROR,,14
55,0.0,0.06999982686116368,-2.0730049044290056e-10,1.1219999082207226,2.945243112740431,11,0.1863909368038838,53.01702257791708,0,IK_POSITION_ERROR,,37
55,0.0,0.06999982686116368,-2.0730049044290056e-10,1.1219999082207226,2.945243112740431,12,0.18483963743402845,73.39023805198059,0,IK_POSITION_ERROR,,15
55,0.0,0.06999982686116368,-2.0730049044290056e-10,1.1219999082207226,2.945243112740431,13,0.27351781518776147,49.29198424469992,0,IK_POSITION_ERROR,,49
55,0.0,0.06999982686116368,-2.0730049044290056e-10,1.1219999082207226,2.945243112740431,14,0.1799737988701996,92.71177919891866,0,IK_POSITION_ERROR,,38
55,0.0,0.06999982686116368,-2.0730049044290056e-10,1.1219999082207226,2.945243112740431,15,0.1610002878677172,78.5710655639633,0,IK_POSITION_ERROR,,36
55,0.0,0.06999982686116368,-2.0730049044290056e-10,1.1219999082207226,2.945243112740431,16,0.32203351356763704,106.18508295589643,0,IK_POSITION_ERROR,,16
55,0.0,0.06999982686116368,-2.0730049044290056e-10,1.1219999082207226,2.945243112740431,17,0.17993264062990239,43.917420257207326,0,IK_POSITION_ERROR,,42
55,0.0,0.06999982686116368,-2.0730049044290056e-10,1.1219999082207226,2.945243112740431,18,0.4386642222861465,154.70116151936944,0,IK_POSITION_ERROR,,99
55,0.0,0.06999982686116368,-2.0730049044290056e-10,1.1219999082207226,2.945243112740431,19,0.3286767104628081,110.08896534612288,0,IK_POSITION_ERROR,,5
55,0.0,0.06999982686116368,-2.0730049044290056e-10,1.1219999082207226,2.945243112740431,20,0.19294544581048098,55.090063385199684,0,IK_POSITION_ERROR,,38
55,0.0,0.06999982686116368,-2.0730049044290056e-10,1.1219999082207226,2.945243112740431,21,0.23548537760753588,67.13551779023393,0,IK_POSITION_ERROR,,25
55,0.0,0.06999982686116368,-2.0730049044290056e-10,1.1219999082207226,2.945243112740431,22,0.26216949239193854,102.90853881032234,0,IK_POSITION_ERROR,,14
55,0.0,0.06999982686116368,-2.0730049044290056e-10,1.1219999082207226,2.945243112740431,23,0.2891862009945372,73.28096388221998,0,IK_POSITION_ERROR,,42
55,0.0,0.06999982686116368,-2.0730049044290056e-10,1.1219999082207226,2.945243112740431,24,0.276012750083176,71.68230048652092,0,IK_POSITION_ERROR,,30
55,0.0,0.06999982686116368,-2.0730049044290056e-10,1.1219999082207226,2.945243112740431,25,0.1948427308557088,78.21880285260768,0,IK_POSITION_ERROR,,35
55,0.0,0.06999982686116368,-2.0730049044290056e-10,1.1219999082207226,2.945243112740431,26,0.26999579443689375,54.57027743447128,0,IK_POSITION_ERROR,,32
55,0.0,0.06999982686116368,-2.0730049044290056e-10,1.1219999082207226,2.945243112740431,27,0.23452383126742146,119.27259806746012,0,IK_POSITION_ERROR,,11
55,0.0,0.06999982686116368,-2.0730049044290056e-10,1.1219999082207226,3.141592653589793,0,0.2628660186397626,31.609535462012207,0,IK_POSITION_ERROR,,10
55,0.0,0.06999982686116368,-2.0730049044290056e-10,1.1219999082207226,3.141592653589793,1,0.14448091975222965,50.318283278927346,0,IK_POSITION_ERROR,,0
55,0.0,0.06999982686116368,-2.0730049044290056e-10,1.1219999082207226,3.141592653589793,2,0.25734922093993917,31.876787021091996,0,IK_POSITION_ERROR,,12
55,0.0,0.06999982686116368,-2.0730049044290056e-10,1.1219999082207226,3.141592653589793,3,0.246600147068089,29.468740515774687,0,IK_POSITION_ERROR,,16
55,0.0,0.06999982686116368,-2.0730049044290056e-10,1.1219999082207226,3.141592653589793,4,0.1849306750892685,57.70137286986502,0,IK_POSITION_ERROR,,12
55,0.0,0.06999982686116368,-2.0730049044290056e-10,1.1219999082207226,3.141592653589793,5,0.24225052107364822,52.74590548195596,0,IK_POSITION_ERROR,,12
55,0.0,0.06999982686116368,-2.0730049044290056e-10,1.1219999082207226,3.141592653589793,6,0.4382359028846218,168.36580829007863,0,IK_POSITION_ERROR,,27
55,0.0,0.06999982686116368,-2.0730049044290056e-10,1.1219999082207226,3.141592653589793,7,0.1661252195846115,49.1259052597552,0,IK_POSITION_ERROR,,62
55,0.0,0.06999982686116368,-2.0730049044290056e-10,1.1219999082207226,3.141592653589793,8,0.32055349808666384,98.24756749327312,0,IK_POSITION_ERROR,,15
55,0.0,0.06999982686116368,-2.0730049044290056e-10,1.1219999082207226,3.141592653589793,9,0.4723440507463825,158.8796669913283,0,IK_POSITION_ERROR,,420
55,0.0,0.06999982686116368,-2.0730049044290056e-10,1.1219999082207226,3.141592653589793,10,0.14448091975222965,50.318283278927346,0,IK_POSITION_ERROR,,14
55,0.0,0.06999982686116368,-2.0730049044290056e-10,1.1219999082207226,3.141592653589793,11,0.1863909368038838,53.017022577917075,0,IK_POSITION_ERROR,,37
55,0.0,0.06999982686116368,-2.0730049044290056e-10,1.1219999082207226,3.141592653589793,12,0.18483963743402845,73.39023805198059,0,IK_POSITION_ERROR,,15
55,0.0,0.06999982686116368,-2.0730049044290056e-10,1.1219999082207226,3.141592653589793,13,0.27351781518776147,49.291984244699904,0,IK_POSITION_ERROR,,49
55,0.0,0.06999982686116368,-2.0730049044290056e-10,1.1219999082207226,3.141592653589793,14,0.1799737988701996,92.71177919891865,0,IK_POSITION_ERROR,,38
55,0.0,0.06999982686116368,-2.0730049044290056e-10,1.1219999082207226,3.141592653589793,15,0.1610002878677172,78.5710655639633,0,IK_POSITION_ERROR,,36
55,0.0,0.06999982686116368,-2.0730049044290056e-10,1.1219999082207226,3.141592653589793,16,0.32203351356763704,106.18508295589643,0,IK_POSITION_ERROR,,16
55,0.0,0.06999982686116368,-2.0730049044290056e-10,1.1219999082207226,3.141592653589793,17,0.17993264062990239,43.91742025720732,0,IK_POSITION_ERROR,,42
55,0.0,0.06999982686116368,-2.0730049044290056e-10,1.1219999082207226,3.141592653589793,18,0.4386642222861465,154.7011615193694,0,IK_POSITION_ERROR,,99
55,0.0,0.06999982686116368,-2.0730049044290056e-10,1.1219999082207226,3.141592653589793,19,0.3286767104628081,110.08896534612286,0,IK_POSITION_ERROR,,5
55,0.0,0.06999982686116368,-2.0730049044290056e-10,1.1219999082207226,3.141592653589793,20,0.19294544581048098,55.09006338519968,0,IK_POSITION_ERROR,,38
55,0.0,0.06999982686116368,-2.0730049044290056e-10,1.1219999082207226,3.141592653589793,21,0.23548537760753588,67.13551779023392,0,IK_POSITION_ERROR,,25
55,0.0,0.06999982686116368,-2.0730049044290056e-10,1.1219999082207226,3.141592653589793,22,0.26216949239193854,102.90853881032233,0,IK_POSITION_ERROR,,14
55,0.0,0.06999982686116368,-2.0730049044290056e-10,1.1219999082207226,3.141592653589793,23,0.2891862009945372,73.28096388221996,0,IK_POSITION_ERROR,,42
55,0.0,0.06999982686116368,-2.0730049044290056e-10,1.1219999082207226,3.141592653589793,24,0.276012750083176,71.6823004865209,0,IK_POSITION_ERROR,,30
55,0.0,0.06999982686116368,-2.0730049044290056e-10,1.1219999082207226,3.141592653589793,25,0.1948427308557088,78.21880285260767,0,IK_POSITION_ERROR,,35
55,0.0,0.06999982686116368,-2.0730049044290056e-10,1.1219999082207226,3.141592653589793,26,0.26999579443689375,54.570277434471265,0,IK_POSITION_ERROR,,32
55,0.0,0.06999982686116368,-2.0730049044290056e-10,1.1219999082207226,3.141592653589793,27,0.23452383126742146,119.27259806746012,0,IK_POSITION_ERROR,,11
55,0.0,0.06999982686116368,-2.0730049044290056e-10,1.1219999082207226,3.3379421944391554,0,0.2628660186397626,31.609535462012218,0,IK_POSITION_ERROR,,10
55,0.0,0.06999982686116368,-2.0730049044290056e-10,1.1219999082207226,3.3379421944391554,1,0.14448091975222965,50.31828327892736,0,IK_POSITION_ERROR,,0
55,0.0,0.06999982686116368,-2.0730049044290056e-10,1.1219999082207226,3.3379421944391554,2,0.25734922093993917,31.876787021092007,0,IK_POSITION_ERROR,,12
55,0.0,0.06999982686116368,-2.0730049044290056e-10,1.1219999082207226,3.3379421944391554,3,0.246600147068089,29.468740515774698,0,IK_POSITION_ERROR,,16
55,0.0,0.06999982686116368,-2.0730049044290056e-10,1.1219999082207226,3.3379421944391554,4,0.1849306750892685,57.70137286986503,0,IK_POSITION_ERROR,,12
55,0.0,0.06999982686116368,-2.0730049044290056e-10,1.1219999082207226,3.3379421944391554,5,0.24225052107364822,52.745905481955965,0,IK_POSITION_ERROR,,12
55,0.0,0.06999982686116368,-2.0730049044290056e-10,1.1219999082207226,3.3379421944391554,6,0.4382359028846218,168.36580829007863,0,IK_POSITION_ERROR,,27
55,0.0,0.06999982686116368,-2.0730049044290056e-10,1.1219999082207226,3.3379421944391554,7,0.1661252195846115,49.12590525975521,0,IK_POSITION_ERROR,,62
55,0.0,0.06999982686116368,-2.0730049044290056e-10,1.1219999082207226,3.3379421944391554,8,0.32055349808666384,98.24756749327314,0,IK_POSITION_ERROR,,15
55,0.0,0.06999982686116368,-2.0730049044290056e-10,1.1219999082207226,3.3379421944391554,9,0.4723440507463825,158.87966699132832,0,IK_POSITION_ERROR,,420
55,0.0,0.06999982686116368,-2.0730049044290056e-10,1.1219999082207226,3.3379421944391554,10,0.14448091975222965,50.31828327892736,0,IK_POSITION_ERROR,,14
55,0.0,0.06999982686116368,-2.0730049044290056e-10,1.1219999082207226,3.3379421944391554,11,0.1863909368038838,53.01702257791708,0,IK_POSITION_ERROR,,37
55,0.0,0.06999982686116368,-2.0730049044290056e-10,1.1219999082207226,3.3379421944391554,12,0.18483963743402845,73.39023805198059,0,IK_POSITION_ERROR,,15
55,0.0,0.06999982686116368,-2.0730049044290056e-10,1.1219999082207226,3.3379421944391554,13,0.27351781518776147,49.29198424469992,0,IK_POSITION_ERROR,,49
55,0.0,0.06999982686116368,-2.0730049044290056e-10,1.1219999082207226,3.3379421944391554,14,0.1799737988701996,92.71177919891866,0,IK_POSITION_ERROR,,38
55,0.0,0.06999982686116368,-2.0730049044290056e-10,1.1219999082207226,3.3379421944391554,15,0.1610002878677172,78.5710655639633,0,IK_POSITION_ERROR,,36
55,0.0,0.06999982686116368,-2.0730049044290056e-10,1.1219999082207226,3.3379421944391554,16,0.32203351356763704,106.18508295589643,0,IK_POSITION_ERROR,,16
55,0.0,0.06999982686116368,-2.0730049044290056e-10,1.1219999082207226,3.3379421944391554,17,0.17993264062990239,43.917420257207326,0,IK_POSITION_ERROR,,42
55,0.0,0.06999982686116368,-2.0730049044290056e-10,1.1219999082207226,3.3379421944391554,18,0.4386642222861465,154.70116151936944,0,IK_POSITION_ERROR,,99
55,0.0,0.06999982686116368,-2.0730049044290056e-10,1.1219999082207226,3.3379421944391554,19,0.3286767104628081,110.08896534612288,0,IK_POSITION_ERROR,,5
55,0.0,0.06999982686116368,-2.0730049044290056e-10,1.1219999082207226,3.3379421944391554,20,0.19294544581048098,55.090063385199684,0,IK_POSITION_ERROR,,38
55,0.0,0.06999982686116368,-2.0730049044290056e-10,1.1219999082207226,3.3379421944391554,21,0.23548537760753588,67.13551779023393,0,IK_POSITION_ERROR,,25
55,0.0,0.06999982686116368,-2.0730049044290056e-10,1.1219999082207226,3.3379421944391554,22,0.26216949239193854,102.90853881032234,0,IK_POSITION_ERROR,,14
55,0.0,0.06999982686116368,-2.0730049044290056e-10,1.1219999082207226,3.3379421944391554,23,0.2891862009945372,73.28096388221998,0,IK_POSITION_ERROR,,42
55,0.0,0.06999982686116368,-2.0730049044290056e-10,1.1219999082207226,3.3379421944391554,24,0.276012750083176,71.68230048652092,0,IK_POSITION_ERROR,,30
55,0.0,0.06999982686116368,-2.0730049044290056e-10,1.1219999082207226,3.3379421944391554,25,0.1948427308557088,78.21880285260768,0,IK_POSITION_ERROR,,35
55,0.0,0.06999982686116368,-2.0730049044290056e-10,1.1219999082207226,3.3379421944391554,26,0.26999579443689375,54.57027743447128,0,IK_POSITION_ERROR,,32
55,0.0,0.06999982686116368,-2.0730049044290056e-10,1.1219999082207226,3.3379421944391554,27,0.23452383126742146,119.27259806746012,0,IK_POSITION_ERROR,,11
55,0.0,0.06999982686116368,-2.0730049044290056e-10,1.1219999082207226,3.3379421944391554,28,0.29141269960878946,36.88429028598108,0,IK_POSITION_ERROR,,4
55,0.0,0.06999982686116368,-2.0730049044290056e-10,1.1219999082207226,3.5342917352885173,0,0.2628660186397626,31.609535462012207,0,IK_POSITION_ERROR,,10
55,0.0,0.06999982686116368,-2.0730049044290056e-10,1.1219999082207226,3.5342917352885173,1,0.14448091975222965,50.318283278927346,0,IK_POSITION_ERROR,,0
55,0.0,0.06999982686116368,-2.0730049044290056e-10,1.1219999082207226,3.5342917352885173,2,0.25734922093993917,31.876787021091996,0,IK_POSITION_ERROR,,12
55,0.0,0.06999982686116368,-2.0730049044290056e-10,1.1219999082207226,3.5342917352885173,3,0.246600147068089,29.468740515774687,0,IK_POSITION_ERROR,,16
55,0.0,0.06999982686116368,-2.0730049044290056e-10,1.1219999082207226,3.5342917352885173,4,0.1849306750892685,57.70137286986502,0,IK_POSITION_ERROR,,12
55,0.0,0.06999982686116368,-2.0730049044290056e-10,1.1219999082207226,3.5342917352885173,5,0.24225052107364822,52.74590548195596,0,IK_POSITION_ERROR,,12
55,0.0,0.06999982686116368,-2.0730049044290056e-10,1.1219999082207226,3.5342917352885173,6,0.4382359028846218,168.36580829007863,0,IK_POSITION_ERROR,,27
55,0.0,0.06999982686116368,-2.0730049044290056e-10,1.1219999082207226,3.5342917352885173,7,0.1661252195846115,49.1259052597552,0,IK_POSITION_ERROR,,62
55,0.0,0.06999982686116368,-2.0730049044290056e-10,1.1219999082207226,3.5342917352885173,8,0.32055349808666384,98.24756749327312,0,IK_POSITION_ERROR,,15
55,0.0,0.06999982686116368,-2.0730049044290056e-10,1.1219999082207226,3.5342917352885173,9,0.4723440507463825,158.8796669913283,0,IK_POSITION_ERROR,,420
55,0.0,0.06999982686116368,-2.0730049044290056e-10,1.1219999082207226,3.5342917352885173,10,0.14448091975222965,50.318283278927346,0,IK_POSITION_ERROR,,14
55,0.0,0.06999982686116368,-2.0730049044290056e-10,1.1219999082207226,3.5342917352885173,11,0.1863909368038838,53.017022577917075,0,IK_POSITION_ERROR,,37
55,0.0,0.06999982686116368,-2.0730049044290056e-10,1.1219999082207226,3.5342917352885173,12,0.18483963743402845,73.39023805198059,0,IK_POSITION_ERROR,,15
55,0.0,0.06999982686116368,-2.0730049044290056e-10,1.1219999082207226,3.5342917352885173,13,0.27351781518776147,49.291984244699904,0,IK_POSITION_ERROR,,49
55,0.0,0.06999982686116368,-2.0730049044290056e-10,1.1219999082207226,3.5342917352885173,14,0.1799737988701996,92.71177919891865,0,IK_POSITION_ERROR,,38
55,0.0,0.06999982686116368,-2.0730049044290056e-10,1.1219999082207226,3.5342917352885173,15,0.1610002878677172,78.5710655639633,0,IK_POSITION_ERROR,,36
55,0.0,0.06999982686116368,-2.0730049044290056e-10,1.1219999082207226,3.5342917352885173,16,0.32203351356763704,106.18508295589643,0,IK_POSITION_ERROR,,16
55,0.0,0.06999982686116368,-2.0730049044290056e-10,1.1219999082207226,3.5342917352885173,17,0.17993264062990239,43.91742025720732,0,IK_POSITION_ERROR,,42
55,0.0,0.06999982686116368,-2.0730049044290056e-10,1.1219999082207226,3.5342917352885173,18,0.4386642222861465,154.7011615193694,0,IK_POSITION_ERROR,,99
55,0.0,0.06999982686116368,-2.0730049044290056e-10,1.1219999082207226,3.5342917352885173,19,0.3286767104628081,110.08896534612286,0,IK_POSITION_ERROR,,5
55,0.0,0.06999982686116368,-2.0730049044290056e-10,1.1219999082207226,3.5342917352885173,20,0.19294544581048098,55.09006338519968,0,IK_POSITION_ERROR,,38
55,0.0,0.06999982686116368,-2.0730049044290056e-10,1.1219999082207226,3.5342917352885173,21,0.23548537760753588,67.13551779023392,0,IK_POSITION_ERROR,,25
55,0.0,0.06999982686116368,-2.0730049044290056e-10,1.1219999082207226,3.5342917352885173,22,0.26216949239193854,102.90853881032233,0,IK_POSITION_ERROR,,14
55,0.0,0.06999982686116368,-2.0730049044290056e-10,1.1219999082207226,3.5342917352885173,23,0.2891862009945372,73.28096388221996,0,IK_POSITION_ERROR,,42
55,0.0,0.06999982686116368,-2.0730049044290056e-10,1.1219999082207226,3.5342917352885173,24,0.276012750083176,71.6823004865209,0,IK_POSITION_ERROR,,30
55,0.0,0.06999982686116368,-2.0730049044290056e-10,1.1219999082207226,3.5342917352885173,25,0.1948427308557088,78.21880285260767,0,IK_POSITION_ERROR,,35
55,0.0,0.06999982686116368,-2.0730049044290056e-10,1.1219999082207226,3.5342917352885173,26,0.26999579443689375,54.570277434471265,0,IK_POSITION_ERROR,,32
55,0.0,0.06999982686116368,-2.0730049044290056e-10,1.1219999082207226,3.5342917352885173,27,0.23452383126742146,119.27259806746012,0,IK_POSITION_ERROR,,11
55,0.0,0.06999982686116368,-2.0730049044290056e-10,1.1219999082207226,3.5342917352885173,28,0.2823641905893686,32.78511965762243,0,IK_POSITION_ERROR,,3
55,0.0,0.06999982686116368,-2.0730049044290056e-10,1.1219999082207226,3.5342917352885173,29,0.2847133371738978,41.01728827865872,0,IK_POSITION_ERROR,,4
55,0.0,0.06999982686116368,-2.0730049044290056e-10,1.1219999082207226,3.5342917352885173,30,0.28511462568390145,40.98985961822391,0,IK_POSITION_ERROR,,4
55,0.0,0.06999982686116368,-2.0730049044290056e-10,1.1219999082207226,3.730641276137879,0,0.2628660186397626,31.609535462012218,0,IK_POSITION_ERROR,,10
55,0.0,0.06999982686116368,-2.0730049044290056e-10,1.1219999082207226,3.730641276137879,1,0.14448091975222965,50.31828327892736,0,IK_POSITION_ERROR,,0
55,0.0,0.06999982686116368,-2.0730049044290056e-10,1.1219999082207226,3.730641276137879,2,0.25734922093993917,31.876787021092007,0,IK_POSITION_ERROR,,12
55,0.0,0.06999982686116368,-2.0730049044290056e-10,1.1219999082207226,3.730641276137879,3,0.246600147068089,29.468740515774698,0,IK_POSITION_ERROR,,16
55,0.0,0.06999982686116368,-2.0730049044290056e-10,1.1219999082207226,3.730641276137879,4,0.1849306750892685,57.70137286986503,0,IK_POSITION_ERROR,,12
55,0.0,0.06999982686116368,-2.0730049044290056e-10,1.1219999082207226,3.730641276137879,5,0.24225052107364822,52.745905481955965,0,IK_POSITION_ERROR,,12
55,0.0,0.06999982686116368,-2.0730049044290056e-10,1.1219999082207226,3.730641276137879,6,0.4382359028846218,168.36580829007863,0,IK_POSITION_ERROR,,27
55,0.0,0.06999982686116368,-2.0730049044290056e-10,1.1219999082207226,3.730641276137879,7,0.1661252195846115,49.12590525975521,0,IK_POSITION_ERROR,,62
55,0.0,0.06999982686116368,-2.0730049044290056e-10,1.1219999082207226,3.730641276137879,8,0.32055349808666384,98.24756749327314,0,IK_POSITION_ERROR,,15
55,0.0,0.06999982686116368,-2.0730049044290056e-10,1.1219999082207226,3.730641276137879,9,0.4723440518360539,158.8796650309089,0,IK_POSITION_ERROR,,420
55,0.0,0.06999982686116368,-2.0730049044290056e-10,1.1219999082207226,3.730641276137879,10,0.14448091975222965,50.31828327892736,0,IK_POSITION_ERROR,,14
55,0.0,0.06999982686116368,-2.0730049044290056e-10,1.1219999082207226,3.730641276137879,11,0.1863909368038838,53.017022577917096,0,IK_POSITION_ERROR,,37
55,0.0,0.06999982686116368,-2.0730049044290056e-10,1.1219999082207226,3.730641276137879,12,0.18483963743402845,73.39023805198059,0,IK_POSITION_ERROR,,15
55,0.0,0.06999982686116368,-2.0730049044290056e-10,1.1219999082207226,3.730641276137879,13,0.27351781518776147,49.29198424469992,0,IK_POSITION_ERROR,,49
55,0.0,0.06999982686116368,-2.0730049044290056e-10,1.1219999082207226,3.730641276137879,14,0.1799737988701996,92.71177919891866,0,IK_POSITION_ERROR,,38
55,0.0,0.06999982686116368,-2.0730049044290056e-10,1.1219999082207226,3.730641276137879,15,0.1610002878677172,78.5710655639633,0,IK_POSITION_ERROR,,36
55,0.0,0.06999982686116368,-2.0730049044290056e-10,1.1219999082207226,3.730641276137879,16,0.32203351356763704,106.18508295589643,0,IK_POSITION_ERROR,,16
55,0.0,0.06999982686116368,-2.0730049044290056e-10,1.1219999082207226,3.730641276137879,17,0.17993264062990239,43.917420257207326,0,IK_POSITION_ERROR,,42
55,0.0,0.06999982686116368,-2.0730049044290056e-10,1.1219999082207226,3.730641276137879,18,0.4386642222861465,154.70116151936944,0,IK_POSITION_ERROR,,99
55,0.0,0.06999982686116368,-2.0730049044290056e-10,1.1219999082207226,3.730641276137879,19,0.3286767104628081,110.08896534612288,0,IK_POSITION_ERROR,,5
55,0.0,0.06999982686116368,-2.0730049044290056e-10,1.1219999082207226,3.730641276137879,20,0.19294544581048098,55.0900633851997,0,IK_POSITION_ERROR,,38
55,0.0,0.06999982686116368,-2.0730049044290056e-10,1.1219999082207226,3.730641276137879,21,0.23548537760753588,67.13551779023395,0,IK_POSITION_ERROR,,25
55,0.0,0.06999982686116368,-2.0730049044290056e-10,1.1219999082207226,3.730641276137879,22,0.26216949239193854,102.90853881032234,0,IK_POSITION_ERROR,,14
55,0.0,0.06999982686116368,-2.0730049044290056e-10,1.1219999082207226,3.730641276137879,23,0.2891862009945372,73.28096388221998,0,IK_POSITION_ERROR,,42
55,0.0,0.06999982686116368,-2.0730049044290056e-10,1.1219999082207226,3.730641276137879,24,0.276012750083176,71.68230048652092,0,IK_POSITION_ERROR,,30
55,0.0,0.06999982686116368,-2.0730049044290056e-10,1.1219999082207226,3.730641276137879,25,0.1948427308557088,78.21880285260768,0,IK_POSITION_ERROR,,35
55,0.0,0.06999982686116368,-2.0730049044290056e-10,1.1219999082207226,3.730641276137879,26,0.26999579443689375,54.57027743447128,0,IK_POSITION_ERROR,,32
55,0.0,0.06999982686116368,-2.0730049044290056e-10,1.1219999082207226,3.730641276137879,27,0.23452383126742146,119.27259806746015,0,IK_POSITION_ERROR,,11
55,0.0,0.06999982686116368,-2.0730049044290056e-10,1.1219999082207226,3.730641276137879,28,0.2671487189139234,37.10158601239734,0,IK_POSITION_ERROR,,3
55,0.0,0.06999982686116368,-2.0730049044290056e-10,1.1219999082207226,3.730641276137879,29,0.26713447040967314,37.08884218996369,0,IK_POSITION_ERROR,,3
55,0.0,0.06999982686116368,-2.0730049044290056e-10,1.1219999082207226,3.730641276137879,30,0.2671169378791031,37.27018262012335,0,IK_POSITION_ERROR,,3
55,0.0,0.06999982686116368,-2.0730049044290056e-10,1.1219999082207226,3.730641276137879,31,0.26741629172374426,37.12138296138804,0,IK_POSITION_ERROR,,3
55,0.0,0.06999982686116368,-2.0730049044290056e-10,1.1219999082207226,3.730641276137879,32,0.26559558445248854,37.61798300331325,0,IK_POSITION_ERROR,,3
55,0.0,0.06999982686116368,-2.0730049044290056e-10,1.1219999082207226,3.9269908169872414,0,0.2628660186397626,31.609535462012207,0,IK_POSITION_ERROR,,10
55,0.0,0.06999982686116368,-2.0730049044290056e-10,1.1219999082207226,3.9269908169872414,1,0.14448091975222965,50.31828327892735,0,IK_POSITION_ERROR,,0
55,0.0,0.06999982686116368,-2.0730049044290056e-10,1.1219999082207226,3.9269908169872414,2,0.25734922093993917,31.876787021092007,0,IK_POSITION_ERROR,,12
55,0.0,0.06999982686116368,-2.0730049044290056e-10,1.1219999082207226,3.9269908169872414,3,0.246600147068089,29.468740515774698,0,IK_POSITION_ERROR,,16
55,0.0,0.06999982686116368,-2.0730049044290056e-10,1.1219999082207226,3.9269908169872414,4,0.1849306750892685,57.70137286986503,0,IK_POSITION_ERROR,,12
55,0.0,0.06999982686116368,-2.0730049044290056e-10,1.1219999082207226,3.9269908169872414,5,0.24225052107364822,52.745905481955965,0,IK_POSITION_ERROR,,12
55,0.0,0.06999982686116368,-2.0730049044290056e-10,1.1219999082207226,3.9269908169872414,6,0.4382359028846218,168.36580829007863,0,IK_POSITION_ERROR,,27
55,0.0,0.06999982686116368,-2.0730049044290056e-10,1.1219999082207226,3.9269908169872414,7,0.1661252195846115,49.12590525975521,0,IK_POSITION_ERROR,,62
55,0.0,0.06999982686116368,-2.0730049044290056e-10,1.1219999082207226,3.9269908169872414,8,0.32055349808666384,98.24756749327314,0,IK_POSITION_ERROR,,15
55,0.0,0.06999982686116368,-2.0730049044290056e-10,1.1219999082207226,3.9269908169872414,9,0.47234398860068744,158.87966436994896,0,IK_POSITION_ERROR,,420
55,0.0,0.06999982686116368,-2.0730049044290056e-10,1.1219999082207226,3.9269908169872414,10,0.14448091975222965,50.31828327892735,0,IK_POSITION_ERROR,,14
55,0.0,0.06999982686116368,-2.0730049044290056e-10,1.1219999082207226,3.9269908169872414,11,0.1863909368038838,53.01702257791708,0,IK_POSITION_ERROR,,37
55,0.0,0.06999982686116368,-2.0730049044290056e-10,1.1219999082207226,3.9269908169872414,12,0.18483963743402845,73.39023805198059,0,IK_POSITION_ERROR,,15
55,0.0,0.06999982686116368,-2.0730049044290056e-10,1.1219999082207226,3.9269908169872414,13,0.27351781518776147,49.29198424469992,0,IK_POSITION_ERROR,,49
55,0.0,0.06999982686116368,-2.0730049044290056e-10,1.1219999082207226,3.9269908169872414,14,0.1799737988701996,92.71177919891866,0,IK_POSITION_ERROR,,38
55,0.0,0.06999982686116368,-2.0730049044290056e-10,1.1219999082207226,3.9269908169872414,15,0.1610002878677172,78.5710655639633,0,IK_POSITION_ERROR,,36
55,0.0,0.06999982686116368,-2.0730049044290056e-10,1.1219999082207226,3.9269908169872414,16,0.32203351356763704,106.18508295589643,0,IK_POSITION_ERROR,,16
55,0.0,0.06999982686116368,-2.0730049044290056e-10,1.1219999082207226,3.9269908169872414,17,0.17993264062990239,43.917420257207326,0,IK_POSITION_ERROR,,42
55,0.0,0.06999982686116368,-2.0730049044290056e-10,1.1219999082207226,3.9269908169872414,18,0.4386642222861465,154.70116151936944,0,IK_POSITION_ERROR,,99
55,0.0,0.06999982686116368,-2.0730049044290056e-10,1.1219999082207226,3.9269908169872414,19,0.3286767104628081,110.08896534612288,0,IK_POSITION_ERROR,,5
55,0.0,0.06999982686116368,-2.0730049044290056e-10,1.1219999082207226,3.9269908169872414,20,0.19294544581048098,55.090063385199684,0,IK_POSITION_ERROR,,38
55,0.0,0.06999982686116368,-2.0730049044290056e-10,1.1219999082207226,3.9269908169872414,21,0.23548537760753588,67.13551779023393,0,IK_POSITION_ERROR,,25
55,0.0,0.06999982686116368,-2.0730049044290056e-10,1.1219999082207226,3.9269908169872414,22,0.26216949239193854,102.90853881032234,0,IK_POSITION_ERROR,,14
55,0.0,0.06999982686116368,-2.0730049044290056e-10,1.1219999082207226,3.9269908169872414,23,0.2891862009945372,73.28096388221998,0,IK_POSITION_ERROR,,42
55,0.0,0.06999982686116368,-2.0730049044290056e-10,1.1219999082207226,3.9269908169872414,24,0.276012750083176,71.68230048652092,0,IK_POSITION_ERROR,,30
55,0.0,0.06999982686116368,-2.0730049044290056e-10,1.1219999082207226,3.9269908169872414,25,0.1948427308557088,78.21880285260767,0,IK_POSITION_ERROR,,35
55,0.0,0.06999982686116368,-2.0730049044290056e-10,1.1219999082207226,3.9269908169872414,26,0.26999579443689375,54.57027743447128,0,IK_POSITION_ERROR,,32
55,0.0,0.06999982686116368,-2.0730049044290056e-10,1.1219999082207226,3.9269908169872414,27,0.23452383126742146,119.27259806746012,0,IK_POSITION_ERROR,,11
55,0.0,0.06999982686116368,-2.0730049044290056e-10,1.1219999082207226,3.9269908169872414,28,0.2552480736968499,38.38332956419772,0,IK_POSITION_ERROR,,3
55,0.0,0.06999982686116368,-2.0730049044290056e-10,1.1219999082207226,3.9269908169872414,29,0.2555412961642545,38.51481824757694,0,IK_POSITION_ERROR,,3
55,0.0,0.06999982686116368,-2.0730049044290056e-10,1.1219999082207226,3.9269908169872414,30,0.25500753158959816,38.35132104020064,0,IK_POSITION_ERROR,,3
55,0.0,0.06999982686116368,-2.0730049044290056e-10,1.1219999082207226,3.9269908169872414,31,0.2570676580238423,39.09242594015465,0,IK_POSITION_ERROR,,3
55,0.0,0.06999982686116368,-2.0730049044290056e-10,1.1219999082207226,3.9269908169872414,32,0.2507583192963782,36.58783575158407,0,IK_POSITION_ERROR,,3
55,0.0,0.06999982686116368,-2.0730049044290056e-10,1.1219999082207226,3.9269908169872414,33,0.25014011352524435,36.52030090562206,0,IK_POSITION_ERROR,,3
55,0.0,0.06999982686116368,-2.0730049044290056e-10,1.1219999082207226,4.123340357836604,0,0.2628660186397626,31.609535462012207,0,IK_POSITION_ERROR,,10
55,0.0,0.06999982686116368,-2.0730049044290056e-10,1.1219999082207226,4.123340357836604,1,0.14448091975222965,50.318283278927346,0,IK_POSITION_ERROR,,0
55,0.0,0.06999982686116368,-2.0730049044290056e-10,1.1219999082207226,4.123340357836604,2,0.25734922093993917,31.876787021091996,0,IK_POSITION_ERROR,,12
55,0.0,0.06999982686116368,-2.0730049044290056e-10,1.1219999082207226,4.123340357836604,3,0.246600147068089,29.468740515774687,0,IK_POSITION_ERROR,,16
55,0.0,0.06999982686116368,-2.0730049044290056e-10,1.1219999082207226,4.123340357836604,4,0.1849306750892685,57.70137286986502,0,IK_POSITION_ERROR,,12
55,0.0,0.06999982686116368,-2.0730049044290056e-10,1.1219999082207226,4.123340357836604,5,0.24225052107364822,52.74590548195596,0,IK_POSITION_ERROR,,12
55,0.0,0.06999982686116368,-2.0730049044290056e-10,1.1219999082207226,4.123340357836604,6,0.4382359028846218,168.36580829007863,0,IK_POSITION_ERROR,,27
55,0.0,0.06999982686116368,-2.0730049044290056e-10,1.1219999082207226,4.123340357836604,7,0.1661252195846115,49.1259052597552,0,IK_POSITION_ERROR,,62
55,0.0,0.06999982686116368,-2.0730049044290056e-10,1.1219999082207226,4.123340357836604,8,0.32055349808666384,98.24756749327312,0,IK_POSITION_ERROR,,15
55,0.0,0.06999982686116368,-2.0730049044290056e-10,1.1219999082207226,4.123340357836604,9,0.47234405368856713,158.87966914903188,0,IK_POSITION_ERROR,,420
55,0.0,0.06999982686116368,-2.0730049044290056e-10,1.1219999082207226,4.123340357836604,10,0.14448091975222965,50.318283278927346,0,IK_POSITION_ERROR,,14
55,0.0,0.06999982686116368,-2.0730049044290056e-10,1.1219999082207226,4.123340357836604,11,0.1863909368038838,53.01702257791708,0,IK_POSITION_ERROR,,37
55,0.0,0.06999982686116368,-2.0730049044290056e-10,1.1219999082207226,4.123340357836604,12,0.18483963743402845,73.39023805198059,0,IK_POSITION_ERROR,,15
55,0.0,0.06999982686116368,-2.0730049044290056e-10,1.1219999082207226,4.123340357836604,13,0.27351781518776147,49.291984244699904,0,IK_POSITION_ERROR,,49
55,0.0,0.06999982686116368,-2.0730049044290056e-10,1.1219999082207226,4.123340357836604,14,0.1799737988701996,92.71177919891865,0,IK_POSITION_ERROR,,38
55,0.0,0.06999982686116368,-2.0730049044290056e-10,1.1219999082207226,4.123340357836604,15,0.1610002878677172,78.5710655639633,0,IK_POSITION_ERROR,,36
55,0.0,0.06999982686116368,-2.0730049044290056e-10,1.1219999082207226,4.123340357836604,16,0.32203351356763704,106.18508295589643,0,IK_POSITION_ERROR,,16
55,0.0,0.06999982686116368,-2.0730049044290056e-10,1.1219999082207226,4.123340357836604,17,0.17993264062990239,43.91742025720732,0,IK_POSITION_ERROR,,42
55,0.0,0.06999982686116368,-2.0730049044290056e-10,1.1219999082207226,4.123340357836604,18,0.4386642222861465,154.7011615193694,0,IK_POSITION_ERROR,,99
55,0.0,0.06999982686116368,-2.0730049044290056e-10,1.1219999082207226,4.123340357836604,19,0.3286767104628081,110.08896534612286,0,IK_POSITION_ERROR,,5
55,0.0,0.06999982686116368,-2.0730049044290056e-10,1.1219999082207226,4.123340357836604,20,0.19294544581048098,55.090063385199684,0,IK_POSITION_ERROR,,38
55,0.0,0.06999982686116368,-2.0730049044290056e-10,1.1219999082207226,4.123340357836604,21,0.23548537760753588,67.13551779023393,0,IK_POSITION_ERROR,,25
55,0.0,0.06999982686116368,-2.0730049044290056e-10,1.1219999082207226,4.123340357836604,22,0.26216949239193854,102.90853881032233,0,IK_POSITION_ERROR,,14
55,0.0,0.06999982686116368,-2.0730049044290056e-10,1.1219999082207226,4.123340357836604,23,0.2891862009945372,73.28096388221996,0,IK_POSITION_ERROR,,42
55,0.0,0.06999982686116368,-2.0730049044290056e-10,1.1219999082207226,4.123340357836604,24,0.276012750083176,71.6823004865209,0,IK_POSITION_ERROR,,30
55,0.0,0.06999982686116368,-2.0730049044290056e-10,1.1219999082207226,4.123340357836604,25,0.1948427308557088,78.21880285260767,0,IK_POSITION_ERROR,,35
55,0.0,0.06999982686116368,-2.0730049044290056e-10,1.1219999082207226,4.123340357836604,26,0.26999579443689375,54.570277434471265,0,IK_POSITION_ERROR,,32
55,0.0,0.06999982686116368,-2.0730049044290056e-10,1.1219999082207226,4.123340357836604,27,0.23452383126742146,119.27259806746012,0,IK_POSITION_ERROR,,11
55,0.0,0.06999982686116368,-2.0730049044290056e-10,1.1219999082207226,4.319689898685965,0,0.2628660186397626,31.609535462012207,0,IK_POSITION_ERROR,,10
55,0.0,0.06999982686116368,-2.0730049044290056e-10,1.1219999082207226,4.319689898685965,1,0.14448091975222965,50.318283278927346,0,IK_POSITION_ERROR,,0
55,0.0,0.06999982686116368,-2.0730049044290056e-10,1.1219999082207226,4.319689898685965,2,0.25734922093993917,31.876787021091996,0,IK_POSITION_ERROR,,12
55,0.0,0.06999982686116368,-2.0730049044290056e-10,1.1219999082207226,4.319689898685965,3,0.246600147068089,29.468740515774687,0,IK_POSITION_ERROR,,16
55,0.0,0.06999982686116368,-2.0730049044290056e-10,1.1219999082207226,4.319689898685965,4,0.1849306750892685,57.70137286986502,0,IK_POSITION_ERROR,,12
55,0.0,0.06999982686116368,-2.0730049044290056e-10,1.1219999082207226,4.319689898685965,5,0.24225052107364822,52.74590548195596,0,IK_POSITION_ERROR,,12
55,0.0,0.06999982686116368,-2.0730049044290056e-10,1.1219999082207226,4.319689898685965,6,0.4382359028846218,168.36580829007863,0,IK_POSITION_ERROR,,27
55,0.0,0.06999982686116368,-2.0730049044290056e-10,1.1219999082207226,4.319689898685965,7,0.1661252195846115,49.1259052597552,0,IK_POSITION_ERROR,,62
55,0.0,0.06999982686116368,-2.0730049044290056e-10,1.1219999082207226,4.319689898685965,8,0.32055349808666384,98.24756749327314,0,IK_POSITION_ERROR,,15
55,0.0,0.06999982686116368,-2.0730049044290056e-10,1.1219999082207226,4.319689898685965,9,0.4723440123742915,158.8796639598315,0,IK_POSITION_ERROR,,420
55,0.0,0.06999982686116368,-2.0730049044290056e-10,1.1219999082207226,4.319689898685965,10,0.14448091975222965,50.318283278927346,0,IK_POSITION_ERROR,,14
55,0.0,0.06999982686116368,-2.0730049044290056e-10,1.1219999082207226,4.319689898685965,11,0.1863909368038838,53.01702257791708,0,IK_POSITION_ERROR,,37
55,0.0,0.06999982686116368,-2.0730049044290056e-10,1.1219999082207226,4.319689898685965,12,0.18483963743402845,73.39023805198059,0,IK_POSITION_ERROR,,15
55,0.0,0.06999982686116368,-2.0730049044290056e-10,1.1219999082207226,4.319689898685965,13,0.27351781518776147,49.291984244699904,0,IK_POSITION_ERROR,,49
55,0.0,0.06999982686116368,-2.0730049044290056e-10,1.1219999082207226,4.319689898685965,14,0.1799737988701996,92.71177919891865,0,IK_POSITION_ERROR,,38
55,0.0,0.06999982686116368,-2.0730049044290056e-10,1.1219999082207226,4.319689898685965,15,0.1610002878677172,78.5710655639633,0,IK_POSITION_ERROR,,36
55,0.0,0.06999982686116368,-2.0730049044290056e-10,1.1219999082207226,4.319689898685965,16,0.32203351356763704,106.18508295589643,0,IK_POSITION_ERROR,,16
55,0.0,0.06999982686116368,-2.0730049044290056e-10,1.1219999082207226,4.319689898685965,17,0.17993264062990239,43.917420257207326,0,IK_POSITION_ERROR,,42
55,0.0,0.06999982686116368,-2.0730049044290056e-10,1.1219999082207226,4.319689898685965,18,0.4386642222861465,154.7011615193694,0,IK_POSITION_ERROR,,99
55,0.0,0.06999982686116368,-2.0730049044290056e-10,1.1219999082207226,4.319689898685965,19,0.3286767104628081,110.08896534612288,0,IK_POSITION_ERROR,,5
55,0.0,0.06999982686116368,-2.0730049044290056e-10,1.1219999082207226,4.319689898685965,20,0.19294544581048098,55.090063385199684,0,IK_POSITION_ERROR,,38
55,0.0,0.06999982686116368,-2.0730049044290056e-10,1.1219999082207226,4.319689898685965,21,0.23548537760753588,67.13551779023393,0,IK_POSITION_ERROR,,25
55,0.0,0.06999982686116368,-2.0730049044290056e-10,1.1219999082207226,4.319689898685965,22,0.26216949239193854,102.90853881032233,0,IK_POSITION_ERROR,,14
55,0.0,0.06999982686116368,-2.0730049044290056e-10,1.1219999082207226,4.319689898685965,23,0.2891862009945372,73.28096388221996,0,IK_POSITION_ERROR,,42
55,0.0,0.06999982686116368,-2.0730049044290056e-10,1.1219999082207226,4.319689898685965,24,0.276012750083176,71.6823004865209,0,IK_POSITION_ERROR,,30
55,0.0,0.06999982686116368,-2.0730049044290056e-10,1.1219999082207226,4.319689898685965,25,0.1948427308557088,78.21880285260767,0,IK_POSITION_ERROR,,35
55,0.0,0.06999982686116368,-2.0730049044290056e-10,1.1219999082207226,4.319689898685965,26,0.26999579443689375,54.570277434471265,0,IK_POSITION_ERROR,,32
55,0.0,0.06999982686116368,-2.0730049044290056e-10,1.1219999082207226,4.319689898685965,27,0.23452383126742146,119.27259806746012,0,IK_POSITION_ERROR,,11
55,0.0,0.06999982686116368,-2.0730049044290056e-10,1.1219999082207226,4.319689898685965,28,0.24140420190628736,27.31089145459366,0,IK_POSITION_ERROR,,2
55,0.0,0.06999982686116368,-2.0730049044290056e-10,1.1219999082207226,4.319689898685965,29,0.24201121315232813,27.23161809070776,0,IK_POSITION_ERROR,,2
55,0.0,0.06999982686116368,-2.0730049044290056e-10,1.1219999082207226,4.319689898685965,30,0.24197166552236743,27.197869830615335,0,IK_POSITION_ERROR,,2
55,0.0,0.06999982686116368,-2.0730049044290056e-10,1.1219999082207226,4.319689898685965,31,0.24244044240689078,26.886893905263545,0,IK_POSITION_ERROR,,2
55,0.0,0.06999982686116368,-2.0730049044290056e-10,1.1219999082207226,4.319689898685965,32,0.24208057027660235,26.84126807832531,0,IK_POSITION_ERROR,,2
55,0.0,0.06999982686116368,-2.0730049044290056e-10,1.1219999082207226,4.516039439535327,0,0.2628660186397626,31.609535462012207,0,IK_POSITION_ERROR,,10
55,0.0,0.06999982686116368,-2.0730049044290056e-10,1.1219999082207226,4.516039439535327,1,0.14448091975222965,50.318283278927346,0,IK_POSITION_ERROR,,0
55,0.0,0.06999982686116368,-2.0730049044290056e-10,1.1219999082207226,4.516039439535327,2,0.25734922093993917,31.876787021091996,0,IK_POSITION_ERROR,,12
55,0.0,0.06999982686116368,-2.0730049044290056e-10,1.1219999082207226,4.516039439535327,3,0.246600147068089,29.468740515774687,0,IK_POSITION_ERROR,,16
55,0.0,0.06999982686116368,-2.0730049044290056e-10,1.1219999082207226,4.516039439535327,4,0.1849306750892685,57.70137286986502,0,IK_POSITION_ERROR,,12
55,0.0,0.06999982686116368,-2.0730049044290056e-10,1.1219999082207226,4.516039439535327,5,0.24225052107364822,52.74590548195596,0,IK_POSITION_ERROR,,12
55,0.0,0.06999982686116368,-2.0730049044290056e-10,1.1219999082207226,4.516039439535327,6,0.4382359028846218,168.36580829007863,0,IK_POSITION_ERROR,,27
55,0.0,0.06999982686116368,-2.0730049044290056e-10,1.1219999082207226,4.516039439535327,7,0.1661252195846115,49.1259052597552,0,IK_POSITION_ERROR,,62
55,0.0,0.06999982686116368,-2.0730049044290056e-10,1.1219999082207226,4.516039439535327,8,0.32055349808666384,98.24756749327312,0,IK_POSITION_ERROR,,15
55,0.0,0.06999982686116368,-2.0730049044290056e-10,1.1219999082207226,4.516039439535327,9,0.4723440507463825,158.8796669913283,0,IK_POSITION_ERROR,,420
55,0.0,0.06999982686116368,-2.0730049044290056e-10,1.1219999082207226,4.516039439535327,10,0.14448091975222965,50.318283278927346,0,IK_POSITION_ERROR,,14
55,0.0,0.06999982686116368,-2.0730049044290056e-10,1.1219999082207226,4.516039439535327,11,0.1863909368038838,53.017022577917075,0,IK_POSITION_ERROR,,37
55,0.0,0.06999982686116368,-2.0730049044290056e-10,1.1219999082207226,4.516039439535327,12,0.18483963743402845,73.39023805198059,0,IK_POSITION_ERROR,,15
55,0.0,0.06999982686116368,-2.0730049044290056e-10,1.1219999082207226,4.516039439535327,13,0.27351781518776147,49.291984244699904,0,IK_POSITION_ERROR,,49
55,0.0,0.06999982686116368,-2.0730049044290056e-10,1.1219999082207226,4.516039439535327,14,0.1799737988701996,92.71177919891865,0,IK_POSITION_ERROR,,38
55,0.0,0.06999982686116368,-2.0730049044290056e-10,1.1219999082207226,4.516039439535327,15,0.1610002878677172,78.5710655639633,0,IK_POSITION_ERROR,,36
55,0.0,0.06999982686116368,-2.0730049044290056e-10,1.1219999082207226,4.516039439535327,16,0.32203351356763704,106.18508295589643,0,IK_POSITION_ERROR,,16
55,0.0,0.06999982686116368,-2.0730049044290056e-10,1.1219999082207226,4.516039439535327,17,0.17993264062990239,43.91742025720732,0,IK_POSITION_ERROR,,42
55,0.0,0.06999982686116368,-2.0730049044290056e-10,1.1219999082207226,4.516039439535327,18,0.4386642222861465,154.7011615193694,0,IK_POSITION_ERROR,,99
55,0.0,0.06999982686116368,-2.0730049044290056e-10,1.1219999082207226,4.516039439535327,19,0.3286767104628081,110.08896534612286,0,IK_POSITION_ERROR,,5
55,0.0,0.06999982686116368,-2.0730049044290056e-10,1.1219999082207226,4.516039439535327,20,0.19294544581048098,55.09006338519968,0,IK_POSITION_ERROR,,38
55,0.0,0.06999982686116368,-2.0730049044290056e-10,1.1219999082207226,4.516039439535327,21,0.23548537760753588,67.13551779023392,0,IK_POSITION_ERROR,,25
55,0.0,0.06999982686116368,-2.0730049044290056e-10,1.1219999082207226,4.516039439535327,22,0.26216949239193854,102.90853881032233,0,IK_POSITION_ERROR,,14
55,0.0,0.06999982686116368,-2.0730049044290056e-10,1.1219999082207226,4.516039439535327,23,0.2891862009945372,73.28096388221996,0,IK_POSITION_ERROR,,42
55,0.0,0.06999982686116368,-2.0730049044290056e-10,1.1219999082207226,4.516039439535327,24,0.276012750083176,71.6823004865209,0,IK_POSITION_ERROR,,30
55,0.0,0.06999982686116368,-2.0730049044290056e-10,1.1219999082207226,4.516039439535327,25,0.1948427308557088,78.21880285260767,0,IK_POSITION_ERROR,,35
55,0.0,0.06999982686116368,-2.0730049044290056e-10,1.1219999082207226,4.516039439535327,26,0.26999579443689375,54.570277434471265,0,IK_POSITION_ERROR,,32
55,0.0,0.06999982686116368,-2.0730049044290056e-10,1.1219999082207226,4.516039439535327,27,0.23452383126742146,119.27259806746012,0,IK_POSITION_ERROR,,11
55,0.0,0.06999982686116368,-2.0730049044290056e-10,1.1219999082207226,4.516039439535327,28,0.2104614150713404,33.992366585164326,0,IK_POSITION_ERROR,,3
55,0.0,0.06999982686116368,-2.0730049044290056e-10,1.1219999082207226,4.516039439535327,29,0.2141789841176694,34.63836917899156,0,IK_POSITION_ERROR,,3
55,0.0,0.06999982686116368,-2.0730049044290056e-10,1.1219999082207226,4.516039439535327,30,0.21901096458070146,35.817216694860356,0,IK_POSITION_ERROR,,3
55,0.0,0.06999982686116368,-2.0730049044290056e-10,1.1219999082207226,4.516039439535327,31,0.21146583169423994,34.21288573380751,0,IK_POSITION_ERROR,,3
55,0.0,0.06999982686116368,-2.0730049044290056e-10,1.1219999082207226,4.71238898038469,0,0.2628660186397626,31.609535462012193,0,IK_POSITION_ERROR,,10
55,0.0,0.06999982686116368,-2.0730049044290056e-10,1.1219999082207226,4.71238898038469,1,0.14448091975222965,50.31828327892733,0,IK_POSITION_ERROR,,0
55,0.0,0.06999982686116368,-2.0730049044290056e-10,1.1219999082207226,4.71238898038469,2,0.25734922093993917,31.876787021091996,0,IK_POSITION_ERROR,,12
55,0.0,0.06999982686116368,-2.0730049044290056e-10,1.1219999082207226,4.71238898038469,3,0.246600147068089,29.468740515774687,0,IK_POSITION_ERROR,,16
55,0.0,0.06999982686116368,-2.0730049044290056e-10,1.1219999082207226,4.71238898038469,4,0.1849306750892685,57.70137286986502,0,IK_POSITION_ERROR,,12
55,0.0,0.06999982686116368,-2.0730049044290056e-10,1.1219999082207226,4.71238898038469,5,0.24225052107364822,52.74590548195596,0,IK_POSITION_ERROR,,12
55,0.0,0.06999982686116368,-2.0730049044290056e-10,1.1219999082207226,4.71238898038469,6,0.4382359028846218,168.36580829007863,0,IK_POSITION_ERROR,,27
55,0.0,0.06999982686116368,-2.0730049044290056e-10,1.1219999082207226,4.71238898038469,7,0.1661252195846115,49.1259052597552,0,IK_POSITION_ERROR,,62
55,0.0,0.06999982686116368,-2.0730049044290056e-10,1.1219999082207226,4.71238898038469,8,0.32055349808666384,98.24756749327312,0,IK_POSITION_ERROR,,15
55,0.0,0.06999982686116368,-2.0730049044290056e-10,1.1219999082207226,4.71238898038469,9,0.47234398824640045,158.87966308603836,0,IK_POSITION_ERROR,,420
55,0.0,0.06999982686116368,-2.0730049044290056e-10,1.1219999082207226,4.71238898038469,10,0.14448091975222965,50.31828327892733,0,IK_POSITION_ERROR,,14
55,0.0,0.06999982686116368,-2.0730049044290056e-10,1.1219999082207226,4.71238898038469,11,0.1863909368038838,53.017022577917075,0,IK_POSITION_ERROR,,37
55,0.0,0.06999982686116368,-2.0730049044290056e-10,1.1219999082207226,4.71238898038469,12,0.18483963743402845,73.39023805198059,0,IK_POSITION_ERROR,,15
55,0.0,0.06999982686116368,-2.0730049044290056e-10,1.1219999082207226,4.71238898038469,13,0.27351781518776147,49.291984244699904,0,IK_POSITION_ERROR,,49
55,0.0,0.06999982686116368,-2.0730049044290056e-10,1.1219999082207226,4.71238898038469,14,0.1799737988701996,92.71177919891865,0,IK_POSITION_ERROR,,38
55,0.0,0.06999982686116368,-2.0730049044290056e-10,1.1219999082207226,4.71238898038469,15,0.1610002878677172,78.5710655639633,0,IK_POSITION_ERROR,,36
55,0.0,0.06999982686116368,-2.0730049044290056e-10,1.1219999082207226,4.71238898038469,16,0.32203351356763704,106.18508295589643,0,IK_POSITION_ERROR,,16
55,0.0,0.06999982686116368,-2.0730049044290056e-10,1.1219999082207226,4.71238898038469,17,0.17993264062990239,43.91742025720732,0,IK_POSITION_ERROR,,42
55,0.0,0.06999982686116368,-2.0730049044290056e-10,1.1219999082207226,4.71238898038469,18,0.4386642222861465,154.7011615193694,0,IK_POSITION_ERROR,,99
55,0.0,0.06999982686116368,-2.0730049044290056e-10,1.1219999082207226,4.71238898038469,19,0.3286767104628081,110.08896534612286,0,IK_POSITION_ERROR,,5
55,0.0,0.06999982686116368,-2.0730049044290056e-10,1.1219999082207226,4.71238898038469,20,0.19294544581048098,55.09006338519968,0,IK_POSITION_ERROR,,38
55,0.0,0.06999982686116368,-2.0730049044290056e-10,1.1219999082207226,4.71238898038469,21,0.23548537760753588,67.13551779023392,0,IK_POSITION_ERROR,,25
55,0.0,0.06999982686116368,-2.0730049044290056e-10,1.1219999082207226,4.71238898038469,22,0.26216949239193854,102.90853881032233,0,IK_POSITION_ERROR,,14
55,0.0,0.06999982686116368,-2.0730049044290056e-10,1.1219999082207226,4.71238898038469,23,0.2891862009945372,73.28096388221996,0,IK_POSITION_ERROR,,42
55,0.0,0.06999982686116368,-2.0730049044290056e-10,1.1219999082207226,4.71238898038469,24,0.276012750083176,71.6823004865209,0,IK_POSITION_ERROR,,30
55,0.0,0.06999982686116368,-2.0730049044290056e-10,1.1219999082207226,4.71238898038469,25,0.1948427308557088,78.21880285260767,0,IK_POSITION_ERROR,,35
55,0.0,0.06999982686116368,-2.0730049044290056e-10,1.1219999082207226,4.71238898038469,26,0.26999579443689375,54.570277434471265,0,IK_POSITION_ERROR,,32
55,0.0,0.06999982686116368,-2.0730049044290056e-10,1.1219999082207226,4.71238898038469,27,0.23452383126742146,119.27259806746012,0,IK_POSITION_ERROR,,11
55,0.0,0.06999982686116368,-2.0730049044290056e-10,1.1219999082207226,4.908738521234052,0,0.2628660186397626,31.609535462012207,0,IK_POSITION_ERROR,,10
55,0.0,0.06999982686116368,-2.0730049044290056e-10,1.1219999082207226,4.908738521234052,1,0.14448091975222965,50.318283278927346,0,IK_POSITION_ERROR,,0
55,0.0,0.06999982686116368,-2.0730049044290056e-10,1.1219999082207226,4.908738521234052,2,0.25734922093993917,31.876787021091996,0,IK_POSITION_ERROR,,12
55,0.0,0.06999982686116368,-2.0730049044290056e-10,1.1219999082207226,4.908738521234052,3,0.246600147068089,29.468740515774687,0,IK_POSITION_ERROR,,16
55,0.0,0.06999982686116368,-2.0730049044290056e-10,1.1219999082207226,4.908738521234052,4,0.1849306750892685,57.70137286986502,0,IK_POSITION_ERROR,,12
55,0.0,0.06999982686116368,-2.0730049044290056e-10,1.1219999082207226,4.908738521234052,5,0.24225052107364822,52.74590548195596,0,IK_POSITION_ERROR,,12
55,0.0,0.06999982686116368,-2.0730049044290056e-10,1.1219999082207226,4.908738521234052,6,0.4382359028846218,168.36580829007863,0,IK_POSITION_ERROR,,27
55,0.0,0.06999982686116368,-2.0730049044290056e-10,1.1219999082207226,4.908738521234052,7,0.1661252195846115,49.1259052597552,0,IK_POSITION_ERROR,,62
55,0.0,0.06999982686116368,-2.0730049044290056e-10,1.1219999082207226,4.908738521234052,8,0.32055349808666384,98.24756749327312,0,IK_POSITION_ERROR,,15
55,0.0,0.06999982686116368,-2.0730049044290056e-10,1.1219999082207226,4.908738521234052,9,0.4723440507463825,158.8796669913283,0,IK_POSITION_ERROR,,420
55,0.0,0.06999982686116368,-2.0730049044290056e-10,1.1219999082207226,4.908738521234052,10,0.14448091975222965,50.318283278927346,0,IK_POSITION_ERROR,,14
55,0.0,0.06999982686116368,-2.0730049044290056e-10,1.1219999082207226,4.908738521234052,11,0.1863909368038838,53.017022577917075,0,IK_POSITION_ERROR,,37
55,0.0,0.06999982686116368,-2.0730049044290056e-10,1.1219999082207226,4.908738521234052,12,0.18483963743402845,73.39023805198059,0,IK_POSITION_ERROR,,15
55,0.0,0.06999982686116368,-2.0730049044290056e-10,1.1219999082207226,4.908738521234052,13,0.27351781518776147,49.291984244699904,0,IK_POSITION_ERROR,,49
55,0.0,0.06999982686116368,-2.0730049044290056e-10,1.1219999082207226,4.908738521234052,14,0.1799737988701996,92.71177919891865,0,IK_POSITION_ERROR,,38
55,0.0,0.06999982686116368,-2.0730049044290056e-10,1.1219999082207226,4.908738521234052,15,0.1610002878677172,78.5710655639633,0,IK_POSITION_ERROR,,36
55,0.0,0.06999982686116368,-2.0730049044290056e-10,1.1219999082207226,4.908738521234052,16,0.32203351356763704,106.18508295589643,0,IK_POSITION_ERROR,,16
55,0.0,0.06999982686116368,-2.0730049044290056e-10,1.1219999082207226,4.908738521234052,17,0.17993264062990239,43.91742025720732,0,IK_POSITION_ERROR,,42
55,0.0,0.06999982686116368,-2.0730049044290056e-10,1.1219999082207226,4.908738521234052,18,0.4386642222861465,154.7011615193694,0,IK_POSITION_ERROR,,99
55,0.0,0.06999982686116368,-2.0730049044290056e-10,1.1219999082207226,4.908738521234052,19,0.3286767104628081,110.08896534612286,0,IK_POSITION_ERROR,,5
55,0.0,0.06999982686116368,-2.0730049044290056e-10,1.1219999082207226,4.908738521234052,20,0.19294544581048098,55.09006338519968,0,IK_POSITION_ERROR,,38
55,0.0,0.06999982686116368,-2.0730049044290056e-10,1.1219999082207226,4.908738521234052,21,0.23548537760753588,67.13551779023392,0,IK_POSITION_ERROR,,25
55,0.0,0.06999982686116368,-2.0730049044290056e-10,1.1219999082207226,4.908738521234052,22,0.26216949239193854,102.90853881032233,0,IK_POSITION_ERROR,,14
55,0.0,0.06999982686116368,-2.0730049044290056e-10,1.1219999082207226,4.908738521234052,23,0.2891862009945372,73.28096388221996,0,IK_POSITION_ERROR,,42
55,0.0,0.06999982686116368,-2.0730049044290056e-10,1.1219999082207226,4.908738521234052,24,0.276012750083176,71.6823004865209,0,IK_POSITION_ERROR,,30
55,0.0,0.06999982686116368,-2.0730049044290056e-10,1.1219999082207226,4.908738521234052,25,0.1948427308557088,78.21880285260767,0,IK_POSITION_ERROR,,35
55,0.0,0.06999982686116368,-2.0730049044290056e-10,1.1219999082207226,4.908738521234052,26,0.26999579443689375,54.570277434471265,0,IK_POSITION_ERROR,,32
55,0.0,0.06999982686116368,-2.0730049044290056e-10,1.1219999082207226,4.908738521234052,27,0.23452383126742146,119.27259806746012,0,IK_POSITION_ERROR,,11
55,0.0,0.06999982686116368,-2.0730049044290056e-10,1.1219999082207226,4.908738521234052,28,0.19694291183945178,36.29366300755973,0,IK_POSITION_ERROR,,3
55,0.0,0.06999982686116368,-2.0730049044290056e-10,1.1219999082207226,4.908738521234052,29,0.1983338477186307,36.526562955491414,0,IK_POSITION_ERROR,,3
55,0.0,0.06999982686116368,-2.0730049044290056e-10,1.1219999082207226,4.908738521234052,30,0.19702745680605666,36.334545590322975,0,IK_POSITION_ERROR,,3
55,0.0,0.06999982686116368,-2.0730049044290056e-10,1.1219999082207226,5.105088062083414,0,0.2628660186397626,31.609535462012193,0,IK_POSITION_ERROR,,10
55,0.0,0.06999982686116368,-2.0730049044290056e-10,1.1219999082207226,5.105088062083414,1,0.14448091975222965,50.31828327892733,0,IK_POSITION_ERROR,,0
55,0.0,0.06999982686116368,-2.0730049044290056e-10,1.1219999082207226,5.105088062083414,2,0.25734922093993917,31.876787021091996,0,IK_POSITION_ERROR,,12
55,0.0,0.06999982686116368,-2.0730049044290056e-10,1.1219999082207226,5.105088062083414,3,0.246600147068089,29.468740515774687,0,IK_POSITION_ERROR,,16
55,0.0,0.06999982686116368,-2.0730049044290056e-10,1.1219999082207226,5.105088062083414,4,0.1849306750892685,57.70137286986502,0,IK_POSITION_ERROR,,12
55,0.0,0.06999982686116368,-2.0730049044290056e-10,1.1219999082207226,5.105088062083414,5,0.24225052107364822,52.74590548195596,0,IK_POSITION_ERROR,,12
55,0.0,0.06999982686116368,-2.0730049044290056e-10,1.1219999082207226,5.105088062083414,6,0.4382359028846218,168.36580829007863,0,IK_POSITION_ERROR,,27
55,0.0,0.06999982686116368,-2.0730049044290056e-10,1.1219999082207226,5.105088062083414,7,0.1661252195846115,49.1259052597552,0,IK_POSITION_ERROR,,62
55,0.0,0.06999982686116368,-2.0730049044290056e-10,1.1219999082207226,5.105088062083414,8,0.32055349808666384,98.24756749327312,0,IK_POSITION_ERROR,,15
55,0.0,0.06999982686116368,-2.0730049044290056e-10,1.1219999082207226,5.105088062083414,9,0.47234398824640045,158.87966308603836,0,IK_POSITION_ERROR,,420
55,0.0,0.06999982686116368,-2.0730049044290056e-10,1.1219999082207226,5.105088062083414,10,0.14448091975222965,50.31828327892733,0,IK_POSITION_ERROR,,14
55,0.0,0.06999982686116368,-2.0730049044290056e-10,1.1219999082207226,5.105088062083414,11,0.1863909368038838,53.017022577917075,0,IK_POSITION_ERROR,,37
55,0.0,0.06999982686116368,-2.0730049044290056e-10,1.1219999082207226,5.105088062083414,12,0.18483963743402845,73.39023805198059,0,IK_POSITION_ERROR,,15
55,0.0,0.06999982686116368,-2.0730049044290056e-10,1.1219999082207226,5.105088062083414,13,0.27351781518776147,49.291984244699904,0,IK_POSITION_ERROR,,49
55,0.0,0.06999982686116368,-2.0730049044290056e-10,1.1219999082207226,5.105088062083414,14,0.1799737988701996,92.71177919891865,0,IK_POSITION_ERROR,,38
55,0.0,0.06999982686116368,-2.0730049044290056e-10,1.1219999082207226,5.105088062083414,15,0.1610002878677172,78.5710655639633,0,IK_POSITION_ERROR,,36
55,0.0,0.06999982686116368,-2.0730049044290056e-10,1.1219999082207226,5.105088062083414,16,0.32203351356763704,106.18508295589643,0,IK_POSITION_ERROR,,16
55,0.0,0.06999982686116368,-2.0730049044290056e-10,1.1219999082207226,5.105088062083414,17,0.17993264062990239,43.91742025720732,0,IK_POSITION_ERROR,,42
55,0.0,0.06999982686116368,-2.0730049044290056e-10,1.1219999082207226,5.105088062083414,18,0.4386642222861465,154.7011615193694,0,IK_POSITION_ERROR,,99
55,0.0,0.06999982686116368,-2.0730049044290056e-10,1.1219999082207226,5.105088062083414,19,0.3286767104628081,110.08896534612286,0,IK_POSITION_ERROR,,5
55,0.0,0.06999982686116368,-2.0730049044290056e-10,1.1219999082207226,5.105088062083414,20,0.19294544581048098,55.09006338519968,0,IK_POSITION_ERROR,,38
55,0.0,0.06999982686116368,-2.0730049044290056e-10,1.1219999082207226,5.105088062083414,21,0.23548537760753588,67.13551779023392,0,IK_POSITION_ERROR,,25
55,0.0,0.06999982686116368,-2.0730049044290056e-10,1.1219999082207226,5.105088062083414,22,0.26216949239193854,102.90853881032233,0,IK_POSITION_ERROR,,14
55,0.0,0.06999982686116368,-2.0730049044290056e-10,1.1219999082207226,5.105088062083414,23,0.2891862009945372,73.28096388221996,0,IK_POSITION_ERROR,,42
55,0.0,0.06999982686116368,-2.0730049044290056e-10,1.1219999082207226,5.105088062083414,24,0.276012750083176,71.6823004865209,0,IK_POSITION_ERROR,,30
55,0.0,0.06999982686116368,-2.0730049044290056e-10,1.1219999082207226,5.105088062083414,25,0.1948427308557088,78.21880285260767,0,IK_POSITION_ERROR,,35
55,0.0,0.06999982686116368,-2.0730049044290056e-10,1.1219999082207226,5.105088062083414,26,0.26999579443689375,54.570277434471265,0,IK_POSITION_ERROR,,32
55,0.0,0.06999982686116368,-2.0730049044290056e-10,1.1219999082207226,5.105088062083414,27,0.23452383126742146,119.27259806746012,0,IK_POSITION_ERROR,,11
55,0.0,0.06999982686116368,-2.0730049044290056e-10,1.1219999082207226,5.105088062083414,28,0.19928576166639392,27.574999074105776,0,IK_POSITION_ERROR,,2
55,0.0,0.06999982686116368,-2.0730049044290056e-10,1.1219999082207226,5.301437602932776,0,0.2628660186397626,31.609535462012207,0,IK_POSITION_ERROR,,10
55,0.0,0.06999982686116368,-2.0730049044290056e-10,1.1219999082207226,5.301437602932776,1,0.14448091975222965,50.318283278927346,0,IK_POSITION_ERROR,,0
55,0.0,0.06999982686116368,-2.0730049044290056e-10,1.1219999082207226,5.301437602932776,2,0.25734922093993917,31.876787021091996,0,IK_POSITION_ERROR,,12
55,0.0,0.06999982686116368,-2.0730049044290056e-10,1.1219999082207226,5.301437602932776,3,0.246600147068089,29.468740515774687,0,IK_POSITION_ERROR,,16
55,0.0,0.06999982686116368,-2.0730049044290056e-10,1.1219999082207226,5.301437602932776,4,0.1849306750892685,57.70137286986503,0,IK_POSITION_ERROR,,12
55,0.0,0.06999982686116368,-2.0730049044290056e-10,1.1219999082207226,5.301437602932776,5,0.24225052107364822,52.74590548195596,0,IK_POSITION_ERROR,,12
55,0.0,0.06999982686116368,-2.0730049044290056e-10,1.1219999082207226,5.301437602932776,6,0.4382359028846218,168.36580829007863,0,IK_POSITION_ERROR,,27
55,0.0,0.06999982686116368,-2.0730049044290056e-10,1.1219999082207226,5.301437602932776,7,0.1661252195846115,49.12590525975521,0,IK_POSITION_ERROR,,62
55,0.0,0.06999982686116368,-2.0730049044290056e-10,1.1219999082207226,5.301437602932776,8,0.32055349808666384,98.24756749327314,0,IK_POSITION_ERROR,,15
55,0.0,0.06999982686116368,-2.0730049044290056e-10,1.1219999082207226,5.301437602932776,9,0.47234405627646453,158.8796700228249,0,IK_POSITION_ERROR,,420
55,0.0,0.06999982686116368,-2.0730049044290056e-10,1.1219999082207226,5.301437602932776,10,0.14448091975222965,50.318283278927346,0,IK_POSITION_ERROR,,14
55,0.0,0.06999982686116368,-2.0730049044290056e-10,1.1219999082207226,5.301437602932776,11,0.1863909368038838,53.01702257791708,0,IK_POSITION_ERROR,,37
55,0.0,0.06999982686116368,-2.0730049044290056e-10,1.1219999082207226,5.301437602932776,12,0.18483963743402845,73.39023805198059,0,IK_POSITION_ERROR,,15
55,0.0,0.06999982686116368,-2.0730049044290056e-10,1.1219999082207226,5.301437602932776,13,0.27351781518776147,49.291984244699904,0,IK_POSITION_ERROR,,49
55,0.0,0.06999982686116368,-2.0730049044290056e-10,1.1219999082207226,5.301437602932776,14,0.1799737988701996,92.71177919891865,0,IK_POSITION_ERROR,,38
55,0.0,0.06999982686116368,-2.0730049044290056e-10,1.1219999082207226,5.301437602932776,15,0.1610002878677172,78.5710655639633,0,IK_POSITION_ERROR,,36
55,0.0,0.06999982686116368,-2.0730049044290056e-10,1.1219999082207226,5.301437602932776,16,0.32203351356763704,106.18508295589643,0,IK_POSITION_ERROR,,16
55,0.0,0.06999982686116368,-2.0730049044290056e-10,1.1219999082207226,5.301437602932776,17,0.17993264062990239,43.917420257207326,0,IK_POSITION_ERROR,,42
55,0.0,0.06999982686116368,-2.0730049044290056e-10,1.1219999082207226,5.301437602932776,18,0.4386642222861465,154.7011615193694,0,IK_POSITION_ERROR,,99
55,0.0,0.06999982686116368,-2.0730049044290056e-10,1.1219999082207226,5.301437602932776,19,0.3286767104628081,110.08896534612288,0,IK_POSITION_ERROR,,5
55,0.0,0.06999982686116368,-2.0730049044290056e-10,1.1219999082207226,5.301437602932776,20,0.19294544581048098,55.090063385199684,0,IK_POSITION_ERROR,,38
55,0.0,0.06999982686116368,-2.0730049044290056e-10,1.1219999082207226,5.301437602932776,21,0.23548537760753588,67.13551779023393,0,IK_POSITION_ERROR,,25
55,0.0,0.06999982686116368,-2.0730049044290056e-10,1.1219999082207226,5.301437602932776,22,0.26216949239193854,102.90853881032233,0,IK_POSITION_ERROR,,14
55,0.0,0.06999982686116368,-2.0730049044290056e-10,1.1219999082207226,5.301437602932776,23,0.2891862009945372,73.28096388221996,0,IK_POSITION_ERROR,,42
55,0.0,0.06999982686116368,-2.0730049044290056e-10,1.1219999082207226,5.301437602932776,24,0.276012750083176,71.6823004865209,0,IK_POSITION_ERROR,,30
55,0.0,0.06999982686116368,-2.0730049044290056e-10,1.1219999082207226,5.301437602932776,25,0.1948427308557088,78.21880285260767,0,IK_POSITION_ERROR,,35
55,0.0,0.06999982686116368,-2.0730049044290056e-10,1.1219999082207226,5.301437602932776,26,0.26999579443689375,54.570277434471265,0,IK_POSITION_ERROR,,32
55,0.0,0.06999982686116368,-2.0730049044290056e-10,1.1219999082207226,5.301437602932776,27,0.23452383126742146,119.27259806746012,0,IK_POSITION_ERROR,,11
55,0.0,0.06999982686116368,-2.0730049044290056e-10,1.1219999082207226,5.497787143782138,0,0.2628660186397626,31.609535462012207,0,IK_POSITION_ERROR,,10
55,0.0,0.06999982686116368,-2.0730049044290056e-10,1.1219999082207226,5.497787143782138,1,0.14448091975222965,50.318283278927346,0,IK_POSITION_ERROR,,0
55,0.0,0.06999982686116368,-2.0730049044290056e-10,1.1219999082207226,5.497787143782138,2,0.25734922093993917,31.876787021091996,0,IK_POSITION_ERROR,,12
55,0.0,0.06999982686116368,-2.0730049044290056e-10,1.1219999082207226,5.497787143782138,3,0.246600147068089,29.468740515774687,0,IK_POSITION_ERROR,,16
55,0.0,0.06999982686116368,-2.0730049044290056e-10,1.1219999082207226,5.497787143782138,4,0.1849306750892685,57.70137286986502,0,IK_POSITION_ERROR,,12
55,0.0,0.06999982686116368,-2.0730049044290056e-10,1.1219999082207226,5.497787143782138,5,0.24225052107364822,52.74590548195596,0,IK_POSITION_ERROR,,12
55,0.0,0.06999982686116368,-2.0730049044290056e-10,1.1219999082207226,5.497787143782138,6,0.4382359028846218,168.36580829007863,0,IK_POSITION_ERROR,,27
55,0.0,0.06999982686116368,-2.0730049044290056e-10,1.1219999082207226,5.497787143782138,7,0.1661252195846115,49.1259052597552,0,IK_POSITION_ERROR,,62
55,0.0,0.06999982686116368,-2.0730049044290056e-10,1.1219999082207226,5.497787143782138,8,0.32055349808666384,98.24756749327312,0,IK_POSITION_ERROR,,15
55,0.0,0.06999982686116368,-2.0730049044290056e-10,1.1219999082207226,5.497787143782138,9,0.47234405368856713,158.87966914903188,0,IK_POSITION_ERROR,,420
55,0.0,0.06999982686116368,-2.0730049044290056e-10,1.1219999082207226,5.497787143782138,10,0.14448091975222965,50.318283278927346,0,IK_POSITION_ERROR,,14
55,0.0,0.06999982686116368,-2.0730049044290056e-10,1.1219999082207226,5.497787143782138,11,0.1863909368038838,53.01702257791708,0,IK_POSITION_ERROR,,37
55,0.0,0.06999982686116368,-2.0730049044290056e-10,1.1219999082207226,5.497787143782138,12,0.18483963743402845,73.39023805198059,0,IK_POSITION_ERROR,,15
55,0.0,0.06999982686116368,-2.0730049044290056e-10,1.1219999082207226,5.497787143782138,13,0.27351781518776147,49.291984244699904,0,IK_POSITION_ERROR,,49
55,0.0,0.06999982686116368,-2.0730049044290056e-10,1.1219999082207226,5.497787143782138,14,0.1799737988701996,92.71177919891865,0,IK_POSITION_ERROR,,38
55,0.0,0.06999982686116368,-2.0730049044290056e-10,1.1219999082207226,5.497787143782138,15,0.1610002878677172,78.5710655639633,0,IK_POSITION_ERROR,,36
55,0.0,0.06999982686116368,-2.0730049044290056e-10,1.1219999082207226,5.497787143782138,16,0.32203351356763704,106.18508295589643,0,IK_POSITION_ERROR,,16
55,0.0,0.06999982686116368,-2.0730049044290056e-10,1.1219999082207226,5.497787143782138,17,0.17993264062990239,43.91742025720732,0,IK_POSITION_ERROR,,42
55,0.0,0.06999982686116368,-2.0730049044290056e-10,1.1219999082207226,5.497787143782138,18,0.4386642222861465,154.7011615193694,0,IK_POSITION_ERROR,,99
55,0.0,0.06999982686116368,-2.0730049044290056e-10,1.1219999082207226,5.497787143782138,19,0.3286767104628081,110.08896534612286,0,IK_POSITION_ERROR,,5
55,0.0,0.06999982686116368,-2.0730049044290056e-10,1.1219999082207226,5.497787143782138,20,0.19294544581048098,55.090063385199684,0,IK_POSITION_ERROR,,38
55,0.0,0.06999982686116368,-2.0730049044290056e-10,1.1219999082207226,5.497787143782138,21,0.23548537760753588,67.13551779023393,0,IK_POSITION_ERROR,,25
55,0.0,0.06999982686116368,-2.0730049044290056e-10,1.1219999082207226,5.497787143782138,22,0.26216949239193854,102.90853881032233,0,IK_POSITION_ERROR,,14
55,0.0,0.06999982686116368,-2.0730049044290056e-10,1.1219999082207226,5.497787143782138,23,0.2891862009945372,73.28096388221996,0,IK_POSITION_ERROR,,42
55,0.0,0.06999982686116368,-2.0730049044290056e-10,1.1219999082207226,5.497787143782138,24,0.276012750083176,71.6823004865209,0,IK_POSITION_ERROR,,30
55,0.0,0.06999982686116368,-2.0730049044290056e-10,1.1219999082207226,5.497787143782138,25,0.1948427308557088,78.21880285260767,0,IK_POSITION_ERROR,,35
55,0.0,0.06999982686116368,-2.0730049044290056e-10,1.1219999082207226,5.497787143782138,26,0.26999579443689375,54.570277434471265,0,IK_POSITION_ERROR,,32
55,0.0,0.06999982686116368,-2.0730049044290056e-10,1.1219999082207226,5.497787143782138,27,0.23452383126742146,119.27259806746012,0,IK_POSITION_ERROR,,11
55,0.0,0.06999982686116368,-2.0730049044290056e-10,1.1219999082207226,5.497787143782138,28,0.20976655919123244,26.43300649683226,0,IK_POSITION_ERROR,,2
55,0.0,0.06999982686116368,-2.0730049044290056e-10,1.1219999082207226,5.497787143782138,29,0.2095724191064378,26.31135675370929,0,IK_POSITION_ERROR,,2
55,0.0,0.06999982686116368,-2.0730049044290056e-10,1.1219999082207226,5.6941366846315,0,0.2628660186397626,31.609535462012207,0,IK_POSITION_ERROR,,10
55,0.0,0.06999982686116368,-2.0730049044290056e-10,1.1219999082207226,5.6941366846315,1,0.14448091975222965,50.318283278927346,0,IK_POSITION_ERROR,,0
55,0.0,0.06999982686116368,-2.0730049044290056e-10,1.1219999082207226,5.6941366846315,2,0.25734922093993917,31.876787021091996,0,IK_POSITION_ERROR,,12
55,0.0,0.06999982686116368,-2.0730049044290056e-10,1.1219999082207226,5.6941366846315,3,0.246600147068089,29.468740515774687,0,IK_POSITION_ERROR,,16
55,0.0,0.06999982686116368,-2.0730049044290056e-10,1.1219999082207226,5.6941366846315,4,0.1849306750892685,57.70137286986502,0,IK_POSITION_ERROR,,12
55,0.0,0.06999982686116368,-2.0730049044290056e-10,1.1219999082207226,5.6941366846315,5,0.24225052107364822,52.74590548195596,0,IK_POSITION_ERROR,,12
55,0.0,0.06999982686116368,-2.0730049044290056e-10,1.1219999082207226,5.6941366846315,6,0.4382359028846218,168.36580829007863,0,IK_POSITION_ERROR,,27
55,0.0,0.06999982686116368,-2.0730049044290056e-10,1.1219999082207226,5.6941366846315,7,0.1661252195846115,49.1259052597552,0,IK_POSITION_ERROR,,62
55,0.0,0.06999982686116368,-2.0730049044290056e-10,1.1219999082207226,5.6941366846315,8,0.32055349808666384,98.24756749327312,0,IK_POSITION_ERROR,,15
55,0.0,0.06999982686116368,-2.0730049044290056e-10,1.1219999082207226,5.6941366846315,9,0.4723440507463825,158.8796669913283,0,IK_POSITION_ERROR,,420
55,0.0,0.06999982686116368,-2.0730049044290056e-10,1.1219999082207226,5.6941366846315,10,0.14448091975222965,50.318283278927346,0,IK_POSITION_ERROR,,14
55,0.0,0.06999982686116368,-2.0730049044290056e-10,1.1219999082207226,5.6941366846315,11,0.1863909368038838,53.017022577917075,0,IK_POSITION_ERROR,,37
55,0.0,0.06999982686116368,-2.0730049044290056e-10,1.1219999082207226,5.6941366846315,12,0.18483963743402845,73.39023805198059,0,IK_POSITION_ERROR,,15
55,0.0,0.06999982686116368,-2.0730049044290056e-10,1.1219999082207226,5.6941366846315,13,0.27351781518776147,49.291984244699904,0,IK_POSITION_ERROR,,49
55,0.0,0.06999982686116368,-2.0730049044290056e-10,1.1219999082207226,5.6941366846315,14,0.1799737988701996,92.71177919891865,0,IK_POSITION_ERROR,,38
55,0.0,0.06999982686116368,-2.0730049044290056e-10,1.1219999082207226,5.6941366846315,15,0.1610002878677172,78.5710655639633,0,IK_POSITION_ERROR,,36
55,0.0,0.06999982686116368,-2.0730049044290056e-10,1.1219999082207226,5.6941366846315,16,0.32203351356763704,106.18508295589643,0,IK_POSITION_ERROR,,16
55,0.0,0.06999982686116368,-2.0730049044290056e-10,1.1219999082207226,5.6941366846315,17,0.17993264062990239,43.91742025720732,0,IK_POSITION_ERROR,,42
55,0.0,0.06999982686116368,-2.0730049044290056e-10,1.1219999082207226,5.6941366846315,18,0.4386642222861465,154.7011615193694,0,IK_POSITION_ERROR,,99
55,0.0,0.06999982686116368,-2.0730049044290056e-10,1.1219999082207226,5.6941366846315,19,0.3286767104628081,110.08896534612286,0,IK_POSITION_ERROR,,5
55,0.0,0.06999982686116368,-2.0730049044290056e-10,1.1219999082207226,5.6941366846315,20,0.19294544581048098,55.09006338519968,0,IK_POSITION_ERROR,,38
55,0.0,0.06999982686116368,-2.0730049044290056e-10,1.1219999082207226,5.6941366846315,21,0.23548537760753588,67.13551779023392,0,IK_POSITION_ERROR,,25
55,0.0,0.06999982686116368,-2.0730049044290056e-10,1.1219999082207226,5.6941366846315,22,0.26216949239193854,102.90853881032233,0,IK_POSITION_ERROR,,14
55,0.0,0.06999982686116368,-2.0730049044290056e-10,1.1219999082207226,5.6941366846315,23,0.2891862009945372,73.28096388221996,0,IK_POSITION_ERROR,,42
55,0.0,0.06999982686116368,-2.0730049044290056e-10,1.1219999082207226,5.6941366846315,24,0.276012750083176,71.6823004865209,0,IK_POSITION_ERROR,,30
55,0.0,0.06999982686116368,-2.0730049044290056e-10,1.1219999082207226,5.6941366846315,25,0.1948427308557088,78.21880285260767,0,IK_POSITION_ERROR,,35
55,0.0,0.06999982686116368,-2.0730049044290056e-10,1.1219999082207226,5.6941366846315,26,0.26999579443689375,54.570277434471265,0,IK_POSITION_ERROR,,32
55,0.0,0.06999982686116368,-2.0730049044290056e-10,1.1219999082207226,5.6941366846315,27,0.23452383126742146,119.27259806746012,0,IK_POSITION_ERROR,,11
55,0.0,0.06999982686116368,-2.0730049044290056e-10,1.1219999082207226,5.6941366846315,28,0.22041818057024773,25.787700476721888,0,IK_POSITION_ERROR,,2
55,0.0,0.06999982686116368,-2.0730049044290056e-10,1.1219999082207226,5.890486225480862,0,0.2628660186397626,31.609535462012218,0,IK_POSITION_ERROR,,10
55,0.0,0.06999982686116368,-2.0730049044290056e-10,1.1219999082207226,5.890486225480862,1,0.14448091975222965,50.31828327892736,0,IK_POSITION_ERROR,,0
55,0.0,0.06999982686116368,-2.0730049044290056e-10,1.1219999082207226,5.890486225480862,2,0.25734922093993917,31.876787021092007,0,IK_POSITION_ERROR,,12
55,0.0,0.06999982686116368,-2.0730049044290056e-10,1.1219999082207226,5.890486225480862,3,0.246600147068089,29.468740515774698,0,IK_POSITION_ERROR,,16
55,0.0,0.06999982686116368,-2.0730049044290056e-10,1.1219999082207226,5.890486225480862,4,0.1849306750892685,57.70137286986503,0,IK_POSITION_ERROR,,12
55,0.0,0.06999982686116368,-2.0730049044290056e-10,1.1219999082207226,5.890486225480862,5,0.24225052107364822,52.745905481955965,0,IK_POSITION_ERROR,,12
55,0.0,0.06999982686116368,-2.0730049044290056e-10,1.1219999082207226,5.890486225480862,6,0.4382359028846218,168.36580829007863,0,IK_POSITION_ERROR,,27
55,0.0,0.06999982686116368,-2.0730049044290056e-10,1.1219999082207226,5.890486225480862,7,0.1661252195846115,49.12590525975521,0,IK_POSITION_ERROR,,62
55,0.0,0.06999982686116368,-2.0730049044290056e-10,1.1219999082207226,5.890486225480862,8,0.32055349808666384,98.24756749327314,0,IK_POSITION_ERROR,,15
55,0.0,0.06999982686116368,-2.0730049044290056e-10,1.1219999082207226,5.890486225480862,9,0.47234405368856713,158.8796691490319,0,IK_POSITION_ERROR,,420
55,0.0,0.06999982686116368,-2.0730049044290056e-10,1.1219999082207226,5.890486225480862,10,0.14448091975222965,50.31828327892736,0,IK_POSITION_ERROR,,14
55,0.0,0.06999982686116368,-2.0730049044290056e-10,1.1219999082207226,5.890486225480862,11,0.1863909368038838,53.01702257791708,0,IK_POSITION_ERROR,,37
55,0.0,0.06999982686116368,-2.0730049044290056e-10,1.1219999082207226,5.890486225480862,12,0.18483963743402845,73.39023805198059,0,IK_POSITION_ERROR,,15
55,0.0,0.06999982686116368,-2.0730049044290056e-10,1.1219999082207226,5.890486225480862,13,0.27351781518776147,49.29198424469992,0,IK_POSITION_ERROR,,49
55,0.0,0.06999982686116368,-2.0730049044290056e-10,1.1219999082207226,5.890486225480862,14,0.1799737988701996,92.71177919891866,0,IK_POSITION_ERROR,,38
55,0.0,0.06999982686116368,-2.0730049044290056e-10,1.1219999082207226,5.890486225480862,15,0.1610002878677172,78.5710655639633,0,IK_POSITION_ERROR,,36
55,0.0,0.06999982686116368,-2.0730049044290056e-10,1.1219999082207226,5.890486225480862,16,0.32203351356763704,106.18508295589643,0,IK_POSITION_ERROR,,16
55,0.0,0.06999982686116368,-2.0730049044290056e-10,1.1219999082207226,5.890486225480862,17,0.17993264062990239,43.917420257207326,0,IK_POSITION_ERROR,,42
55,0.0,0.06999982686116368,-2.0730049044290056e-10,1.1219999082207226,5.890486225480862,18,0.4386642222861465,154.70116151936944,0,IK_POSITION_ERROR,,99
55,0.0,0.06999982686116368,-2.0730049044290056e-10,1.1219999082207226,5.890486225480862,19,0.3286767104628081,110.08896534612288,0,IK_POSITION_ERROR,,5
55,0.0,0.06999982686116368,-2.0730049044290056e-10,1.1219999082207226,5.890486225480862,20,0.19294544581048098,55.090063385199684,0,IK_POSITION_ERROR,,38
55,0.0,0.06999982686116368,-2.0730049044290056e-10,1.1219999082207226,5.890486225480862,21,0.23548537760753588,67.13551779023393,0,IK_POSITION_ERROR,,25
55,0.0,0.06999982686116368,-2.0730049044290056e-10,1.1219999082207226,5.890486225480862,22,0.26216949239193854,102.90853881032234,0,IK_POSITION_ERROR,,14
55,0.0,0.06999982686116368,-2.0730049044290056e-10,1.1219999082207226,5.890486225480862,23,0.2891862009945372,73.28096388221998,0,IK_POSITION_ERROR,,42
55,0.0,0.06999982686116368,-2.0730049044290056e-10,1.1219999082207226,5.890486225480862,24,0.276012750083176,71.68230048652092,0,IK_POSITION_ERROR,,30
55,0.0,0.06999982686116368,-2.0730049044290056e-10,1.1219999082207226,5.890486225480862,25,0.1948427308557088,78.21880285260768,0,IK_POSITION_ERROR,,35
55,0.0,0.06999982686116368,-2.0730049044290056e-10,1.1219999082207226,5.890486225480862,26,0.26999579443689375,54.57027743447128,0,IK_POSITION_ERROR,,32
55,0.0,0.06999982686116368,-2.0730049044290056e-10,1.1219999082207226,5.890486225480862,27,0.23452383126742146,119.27259806746012,0,IK_POSITION_ERROR,,11
55,0.0,0.06999982686116368,-2.0730049044290056e-10,1.1219999082207226,6.086835766330224,0,0.2628660186397626,31.609535462012193,0,IK_POSITION_ERROR,,10
55,0.0,0.06999982686116368,-2.0730049044290056e-10,1.1219999082207226,6.086835766330224,1,0.14448091975222965,50.31828327892733,0,IK_POSITION_ERROR,,0
55,0.0,0.06999982686116368,-2.0730049044290056e-10,1.1219999082207226,6.086835766330224,2,0.25734922093993917,31.87678702109198,0,IK_POSITION_ERROR,,12
55,0.0,0.06999982686116368,-2.0730049044290056e-10,1.1219999082207226,6.086835766330224,3,0.246600147068089,29.468740515774673,0,IK_POSITION_ERROR,,16
55,0.0,0.06999982686116368,-2.0730049044290056e-10,1.1219999082207226,6.086835766330224,4,0.1849306750892685,57.701372869865004,0,IK_POSITION_ERROR,,12
55,0.0,0.06999982686116368,-2.0730049044290056e-10,1.1219999082207226,6.086835766330224,5,0.24225052107364822,52.74590548195594,0,IK_POSITION_ERROR,,12
55,0.0,0.06999982686116368,-2.0730049044290056e-10,1.1219999082207226,6.086835766330224,6,0.4382359028846218,168.3658082900786,0,IK_POSITION_ERROR,,27
55,0.0,0.06999982686116368,-2.0730049044290056e-10,1.1219999082207226,6.086835766330224,7,0.1661252195846115,49.12590525975519,0,IK_POSITION_ERROR,,62
55,0.0,0.06999982686116368,-2.0730049044290056e-10,1.1219999082207226,6.086835766330224,8,0.32055349808666384,98.24756749327312,0,IK_POSITION_ERROR,,15
55,0.0,0.06999982686116368,-2.0730049044290056e-10,1.1219999082207226,6.086835766330224,9,0.47234405110066974,158.87966827523886,0,IK_POSITION_ERROR,,420
55,0.0,0.06999982686116368,-2.0730049044290056e-10,1.1219999082207226,6.086835766330224,10,0.14448091975222965,50.31828327892733,0,IK_POSITION_ERROR,,14
55,0.0,0.06999982686116368,-2.0730049044290056e-10,1.1219999082207226,6.086835766330224,11,0.1863909368038838,53.01702257791706,0,IK_POSITION_ERROR,,37
55,0.0,0.06999982686116368,-2.0730049044290056e-10,1.1219999082207226,6.086835766330224,12,0.18483963743402845,73.39023805198057,0,IK_POSITION_ERROR,,15
55,0.0,0.06999982686116368,-2.0730049044290056e-10,1.1219999082207226,6.086835766330224,13,0.27351781518776147,49.2919842446999,0,IK_POSITION_ERROR,,49
55,0.0,0.06999982686116368,-2.0730049044290056e-10,1.1219999082207226,6.086835766330224,14,0.1799737988701996,92.71177919891863,0,IK_POSITION_ERROR,,38
55,0.0,0.06999982686116368,-2.0730049044290056e-10,1.1219999082207226,6.086835766330224,15,0.1610002878677172,78.57106556396329,0,IK_POSITION_ERROR,,36
55,0.0,0.06999982686116368,-2.0730049044290056e-10,1.1219999082207226,6.086835766330224,16,0.32203351356763704,106.18508295589642,0,IK_POSITION_ERROR,,16
55,0.0,0.06999982686116368,-2.0730049044290056e-10,1.1219999082207226,6.086835766330224,17,0.17993264062990239,43.9174202572073,0,IK_POSITION_ERROR,,42
55,0.0,0.06999982686116368,-2.0730049044290056e-10,1.1219999082207226,6.086835766330224,18,0.4386642222861465,154.7011615193694,0,IK_POSITION_ERROR,,99
55,0.0,0.06999982686116368,-2.0730049044290056e-10,1.1219999082207226,6.086835766330224,19,0.3286767104628081,110.08896534612286,0,IK_POSITION_ERROR,,5
55,0.0,0.06999982686116368,-2.0730049044290056e-10,1.1219999082207226,6.086835766330224,20,0.19294544581048098,55.09006338519967,0,IK_POSITION_ERROR,,38
55,0.0,0.06999982686116368,-2.0730049044290056e-10,1.1219999082207226,6.086835766330224,21,0.23548537760753588,67.13551779023392,0,IK_POSITION_ERROR,,25
55,0.0,0.06999982686116368,-2.0730049044290056e-10,1.1219999082207226,6.086835766330224,22,0.26216949239193854,102.90853881032231,0,IK_POSITION_ERROR,,14
55,0.0,0.06999982686116368,-2.0730049044290056e-10,1.1219999082207226,6.086835766330224,23,0.2891862009945372,73.28096388221995,0,IK_POSITION_ERROR,,42
55,0.0,0.06999982686116368,-2.0730049044290056e-10,1.1219999082207226,6.086835766330224,24,0.276012750083176,71.68230048652089,0,IK_POSITION_ERROR,,30
55,0.0,0.06999982686116368,-2.0730049044290056e-10,1.1219999082207226,6.086835766330224,25,0.1948427308557088,78.21880285260765,0,IK_POSITION_ERROR,,35
55,0.0,0.06999982686116368,-2.0730049044290056e-10,1.1219999082207226,6.086835766330224,26,0.26999579443689375,54.57027743447125,0,IK_POSITION_ERROR,,32
55,0.0,0.06999982686116368,-2.0730049044290056e-10,1.1219999082207226,6.086835766330224,27,0.23452383126742146,119.27259806746012,0,IK_POSITION_ERROR,,11
55,0.0,0.06999982686116368,-2.0730049044290056e-10,1.1219999082207226,6.086835766330224,28,0.23845314591148445,26.402772293149507,0,IK_POSITION_ERROR,,3
55,0.0,0.06999982686116368,-2.0730049044290056e-10,1.1219999082207226,6.1850105367549055,0,0.2628660186397626,31.609535462012207,0,IK_POSITION_ERROR,,10
55,0.0,0.06999982686116368,-2.0730049044290056e-10,1.1219999082207226,6.1850105367549055,1,0.14448091975222965,50.318283278927346,0,IK_POSITION_ERROR,,0
55,0.0,0.06999982686116368,-2.0730049044290056e-10,1.1219999082207226,6.1850105367549055,2,0.25734922093993917,31.876787021091996,0,IK_POSITION_ERROR,,12
55,0.0,0.06999982686116368,-2.0730049044290056e-10,1.1219999082207226,6.1850105367549055,3,0.246600147068089,29.468740515774687,0,IK_POSITION_ERROR,,16
55,0.0,0.06999982686116368,-2.0730049044290056e-10,1.1219999082207226,6.1850105367549055,4,0.1849306750892685,57.70137286986502,0,IK_POSITION_ERROR,,12
55,0.0,0.06999982686116368,-2.0730049044290056e-10,1.1219999082207226,6.1850105367549055,5,0.24225052107364822,52.74590548195596,0,IK_POSITION_ERROR,,12
55,0.0,0.06999982686116368,-2.0730049044290056e-10,1.1219999082207226,6.1850105367549055,6,0.4382359028846218,168.36580829007863,0,IK_POSITION_ERROR,,27
55,0.0,0.06999982686116368,-2.0730049044290056e-10,1.1219999082207226,6.1850105367549055,7,0.1661252195846115,49.1259052597552,0,IK_POSITION_ERROR,,62
55,0.0,0.06999982686116368,-2.0730049044290056e-10,1.1219999082207226,6.1850105367549055,8,0.32055349808666384,98.24756749327312,0,IK_POSITION_ERROR,,15
55,0.0,0.06999982686116368,-2.0730049044290056e-10,1.1219999082207226,6.1850105367549055,9,0.47234398824640045,158.87966308603836,0,IK_POSITION_ERROR,,420
55,0.0,0.06999982686116368,-2.0730049044290056e-10,1.1219999082207226,6.1850105367549055,10,0.14448091975222965,50.318283278927346,0,IK_POSITION_ERROR,,14
55,0.0,0.06999982686116368,-2.0730049044290056e-10,1.1219999082207226,6.1850105367549055,11,0.1863909368038838,53.017022577917075,0,IK_POSITION_ERROR,,37
55,0.0,0.06999982686116368,-2.0730049044290056e-10,1.1219999082207226,6.1850105367549055,12,0.18483963743402845,73.39023805198059,0,IK_POSITION_ERROR,,15
55,0.0,0.06999982686116368,-2.0730049044290056e-10,1.1219999082207226,6.1850105367549055,13,0.27351781518776147,49.291984244699904,0,IK_POSITION_ERROR,,49
55,0.0,0.06999982686116368,-2.0730049044290056e-10,1.1219999082207226,6.1850105367549055,14,0.1799737988701996,92.71177919891865,0,IK_POSITION_ERROR,,38
55,0.0,0.06999982686116368,-2.0730049044290056e-10,1.1219999082207226,6.1850105367549055,15,0.1610002878677172,78.5710655639633,0,IK_POSITION_ERROR,,36
55,0.0,0.06999982686116368,-2.0730049044290056e-10,1.1219999082207226,6.1850105367549055,16,0.32203351356763704,106.18508295589643,0,IK_POSITION_ERROR,,16
55,0.0,0.06999982686116368,-2.0730049044290056e-10,1.1219999082207226,6.1850105367549055,17,0.17993264062990239,43.91742025720732,0,IK_POSITION_ERROR,,42
55,0.0,0.06999982686116368,-2.0730049044290056e-10,1.1219999082207226,6.1850105367549055,18,0.4386642222861465,154.7011615193694,0,IK_POSITION_ERROR,,99
55,0.0,0.06999982686116368,-2.0730049044290056e-10,1.1219999082207226,6.1850105367549055,19,0.3286767104628081,110.08896534612286,0,IK_POSITION_ERROR,,5
55,0.0,0.06999982686116368,-2.0730049044290056e-10,1.1219999082207226,6.1850105367549055,20,0.19294544581048098,55.09006338519968,0,IK_POSITION_ERROR,,38
55,0.0,0.06999982686116368,-2.0730049044290056e-10,1.1219999082207226,6.1850105367549055,21,0.23548537760753588,67.13551779023392,0,IK_POSITION_ERROR,,25
55,0.0,0.06999982686116368,-2.0730049044290056e-10,1.1219999082207226,6.1850105367549055,22,0.26216949239193854,102.90853881032233,0,IK_POSITION_ERROR,,14
55,0.0,0.06999982686116368,-2.0730049044290056e-10,1.1219999082207226,6.1850105367549055,23,0.2891862009945372,73.28096388221996,0,IK_POSITION_ERROR,,42
55,0.0,0.06999982686116368,-2.0730049044290056e-10,1.1219999082207226,6.1850105367549055,24,0.276012750083176,71.6823004865209,0,IK_POSITION_ERROR,,30
55,0.0,0.06999982686116368,-2.0730049044290056e-10,1.1219999082207226,6.1850105367549055,25,0.1948427308557088,78.21880285260767,0,IK_POSITION_ERROR,,35
55,0.0,0.06999982686116368,-2.0730049044290056e-10,1.1219999082207226,6.1850105367549055,26,0.26999579443689375,54.570277434471265,0,IK_POSITION_ERROR,,32
55,0.0,0.06999982686116368,-2.0730049044290056e-10,1.1219999082207226,6.1850105367549055,27,0.23452383126742146,119.27259806746012,0,IK_POSITION_ERROR,,11
55,0.0,0.06999982686116368,-2.0730049044290056e-10,1.1219999082207226,6.1850105367549055,28,0.25157088589112575,27.898325911265,0,IK_POSITION_ERROR,,3
55,0.0,0.06999982686116368,-2.0730049044290056e-10,1.1219999082207226,6.1850105367549055,29,0.25250971871045313,28.48165622218004,0,IK_POSITION_ERROR,,3
55,0.0,0.06999982686116368,-2.0730049044290056e-10,1.1219999082207226,6.209554229361076,0,0.2628660186397626,31.609535462012218,0,IK_POSITION_ERROR,,10
55,0.0,0.06999982686116368,-2.0730049044290056e-10,1.1219999082207226,6.209554229361076,1,0.14448091975222965,50.31828327892736,0,IK_POSITION_ERROR,,0
55,0.0,0.06999982686116368,-2.0730049044290056e-10,1.1219999082207226,6.209554229361076,2,0.25734922093993917,31.876787021092007,0,IK_POSITION_ERROR,,12
55,0.0,0.06999982686116368,-2.0730049044290056e-10,1.1219999082207226,6.209554229361076,3,0.246600147068089,29.468740515774698,0,IK_POSITION_ERROR,,16
55,0.0,0.06999982686116368,-2.0730049044290056e-10,1.1219999082207226,6.209554229361076,4,0.1849306750892685,57.70137286986503,0,IK_POSITION_ERROR,,12
55,0.0,0.06999982686116368,-2.0730049044290056e-10,1.1219999082207226,6.209554229361076,5,0.24225052107364822,52.745905481955965,0,IK_POSITION_ERROR,,12
55,0.0,0.06999982686116368,-2.0730049044290056e-10,1.1219999082207226,6.209554229361076,6,0.4382359028846218,168.36580829007863,0,IK_POSITION_ERROR,,27
55,0.0,0.06999982686116368,-2.0730049044290056e-10,1.1219999082207226,6.209554229361076,7,0.1661252195846115,49.12590525975521,0,IK_POSITION_ERROR,,62
55,0.0,0.06999982686116368,-2.0730049044290056e-10,1.1219999082207226,6.209554229361076,8,0.32055349808666384,98.24756749327314,0,IK_POSITION_ERROR,,15
55,0.0,0.06999982686116368,-2.0730049044290056e-10,1.1219999082207226,6.209554229361076,9,0.4723439908342979,158.87966395983156,0,IK_POSITION_ERROR,,420
55,0.0,0.06999982686116368,-2.0730049044290056e-10,1.1219999082207226,6.209554229361076,10,0.14448091975222965,50.31828327892736,0,IK_POSITION_ERROR,,14
55,0.0,0.06999982686116368,-2.0730049044290056e-10,1.1219999082207226,6.209554229361076,11,0.1863909368038838,53.01702257791708,0,IK_POSITION_ERROR,,37
55,0.0,0.06999982686116368,-2.0730049044290056e-10,1.1219999082207226,6.209554229361076,12,0.18483963743402845,73.39023805198059,0,IK_POSITION_ERROR,,15
55,0.0,0.06999982686116368,-2.0730049044290056e-10,1.1219999082207226,6.209554229361076,13,0.27351781518776147,49.29198424469992,0,IK_POSITION_ERROR,,49
55,0.0,0.06999982686116368,-2.0730049044290056e-10,1.1219999082207226,6.209554229361076,14,0.1799737988701996,92.71177919891866,0,IK_POSITION_ERROR,,38
55,0.0,0.06999982686116368,-2.0730049044290056e-10,1.1219999082207226,6.209554229361076,15,0.1610002878677172,78.5710655639633,0,IK_POSITION_ERROR,,36
55,0.0,0.06999982686116368,-2.0730049044290056e-10,1.1219999082207226,6.209554229361076,16,0.32203351356763704,106.18508295589643,0,IK_POSITION_ERROR,,16
55,0.0,0.06999982686116368,-2.0730049044290056e-10,1.1219999082207226,6.209554229361076,17,0.17993264062990239,43.917420257207326,0,IK_POSITION_ERROR,,42
55,0.0,0.06999982686116368,-2.0730049044290056e-10,1.1219999082207226,6.209554229361076,18,0.4386642222861465,154.70116151936944,0,IK_POSITION_ERROR,,99
55,0.0,0.06999982686116368,-2.0730049044290056e-10,1.1219999082207226,6.209554229361076,19,0.3286767104628081,110.08896534612288,0,IK_POSITION_ERROR,,5
55,0.0,0.06999982686116368,-2.0730049044290056e-10,1.1219999082207226,6.209554229361076,20,0.19294544581048098,55.090063385199684,0,IK_POSITION_ERROR,,38
55,0.0,0.06999982686116368,-2.0730049044290056e-10,1.1219999082207226,6.209554229361076,21,0.23548537760753588,67.13551779023393,0,IK_POSITION_ERROR,,25
55,0.0,0.06999982686116368,-2.0730049044290056e-10,1.1219999082207226,6.209554229361076,22,0.26216949239193854,102.90853881032234,0,IK_POSITION_ERROR,,14
55,0.0,0.06999982686116368,-2.0730049044290056e-10,1.1219999082207226,6.209554229361076,23,0.2891862009945372,73.28096388221998,0,IK_POSITION_ERROR,,42
55,0.0,0.06999982686116368,-2.0730049044290056e-10,1.1219999082207226,6.209554229361076,24,0.276012750083176,71.68230048652092,0,IK_POSITION_ERROR,,30
55,0.0,0.06999982686116368,-2.0730049044290056e-10,1.1219999082207226,6.209554229361076,25,0.1948427308557088,78.21880285260768,0,IK_POSITION_ERROR,,35
55,0.0,0.06999982686116368,-2.0730049044290056e-10,1.1219999082207226,6.209554229361076,26,0.26999579443689375,54.57027743447128,0,IK_POSITION_ERROR,,32
55,0.0,0.06999982686116368,-2.0730049044290056e-10,1.1219999082207226,6.209554229361076,27,0.23452383126742146,119.27259806746012,0,IK_POSITION_ERROR,,11
55,0.0,0.06999982686116368,-2.0730049044290056e-10,1.1219999082207226,6.209554229361076,28,0.24978881082833823,27.152875208963234,0,IK_POSITION_ERROR,,3
55,0.0,0.06999982686116368,-2.0730049044290056e-10,1.1219999082207226,6.209554229361076,29,0.25392118645970524,28.091267281840796,0,IK_POSITION_ERROR,,3
55,0.0,0.06999982686116368,-2.0730049044290056e-10,1.1219999082207226,6.234097921967246,0,0.2628660186397626,31.609535462012207,0,IK_POSITION_ERROR,,10
55,0.0,0.06999982686116368,-2.0730049044290056e-10,1.1219999082207226,6.234097921967246,1,0.14448091975222965,50.318283278927346,0,IK_POSITION_ERROR,,0
55,0.0,0.06999982686116368,-2.0730049044290056e-10,1.1219999082207226,6.234097921967246,2,0.25734922093993917,31.876787021091996,0,IK_POSITION_ERROR,,12
55,0.0,0.06999982686116368,-2.0730049044290056e-10,1.1219999082207226,6.234097921967246,3,0.246600147068089,29.468740515774687,0,IK_POSITION_ERROR,,16
55,0.0,0.06999982686116368,-2.0730049044290056e-10,1.1219999082207226,6.234097921967246,4,0.1849306750892685,57.70137286986502,0,IK_POSITION_ERROR,,12
55,0.0,0.06999982686116368,-2.0730049044290056e-10,1.1219999082207226,6.234097921967246,5,0.24225052107364822,52.74590548195596,0,IK_POSITION_ERROR,,12
55,0.0,0.06999982686116368,-2.0730049044290056e-10,1.1219999082207226,6.234097921967246,6,0.4382359028846218,168.36580829007863,0,IK_POSITION_ERROR,,27
55,0.0,0.06999982686116368,-2.0730049044290056e-10,1.1219999082207226,6.234097921967246,7,0.1661252195846115,49.1259052597552,0,IK_POSITION_ERROR,,62
55,0.0,0.06999982686116368,-2.0730049044290056e-10,1.1219999082207226,6.234097921967246,8,0.32055349808666384,98.24756749327312,0,IK_POSITION_ERROR,,15
55,0.0,0.06999982686116368,-2.0730049044290056e-10,1.1219999082207226,6.234097921967246,9,0.4723440507463825,158.8796669913283,0,IK_POSITION_ERROR,,420
55,0.0,0.06999982686116368,-2.0730049044290056e-10,1.1219999082207226,6.234097921967246,10,0.14448091975222965,50.318283278927346,0,IK_POSITION_ERROR,,14
55,0.0,0.06999982686116368,-2.0730049044290056e-10,1.1219999082207226,6.234097921967246,11,0.1863909368038838,53.017022577917075,0,IK_POSITION_ERROR,,37
55,0.0,0.06999982686116368,-2.0730049044290056e-10,1.1219999082207226,6.234097921967246,12,0.18483963743402845,73.39023805198059,0,IK_POSITION_ERROR,,15
55,0.0,0.06999982686116368,-2.0730049044290056e-10,1.1219999082207226,6.234097921967246,13,0.27351781518776147,49.291984244699904,0,IK_POSITION_ERROR,,49
55,0.0,0.06999982686116368,-2.0730049044290056e-10,1.1219999082207226,6.234097921967246,14,0.1799737988701996,92.71177919891865,0,IK_POSITION_ERROR,,38
55,0.0,0.06999982686116368,-2.0730049044290056e-10,1.1219999082207226,6.234097921967246,15,0.1610002878677172,78.5710655639633,0,IK_POSITION_ERROR,,36
55,0.0,0.06999982686116368,-2.0730049044290056e-10,1.1219999082207226,6.234097921967246,16,0.32203351356763704,106.18508295589643,0,IK_POSITION_ERROR,,16
55,0.0,0.06999982686116368,-2.0730049044290056e-10,1.1219999082207226,6.234097921967246,17,0.17993264062990239,43.91742025720732,0,IK_POSITION_ERROR,,42
55,0.0,0.06999982686116368,-2.0730049044290056e-10,1.1219999082207226,6.234097921967246,18,0.4386642222861465,154.7011615193694,0,IK_POSITION_ERROR,,99
55,0.0,0.06999982686116368,-2.0730049044290056e-10,1.1219999082207226,6.234097921967246,19,0.3286767104628081,110.08896534612286,0,IK_POSITION_ERROR,,5
55,0.0,0.06999982686116368,-2.0730049044290056e-10,1.1219999082207226,6.234097921967246,20,0.19294544581048098,55.09006338519968,0,IK_POSITION_ERROR,,38
55,0.0,0.06999982686116368,-2.0730049044290056e-10,1.1219999082207226,6.234097921967246,21,0.23548537760753588,67.13551779023392,0,IK_POSITION_ERROR,,25
55,0.0,0.06999982686116368,-2.0730049044290056e-10,1.1219999082207226,6.234097921967246,22,0.26216949239193854,102.90853881032233,0,IK_POSITION_ERROR,,14
55,0.0,0.06999982686116368,-2.0730049044290056e-10,1.1219999082207226,6.234097921967246,23,0.2891862009945372,73.28096388221996,0,IK_POSITION_ERROR,,42
55,0.0,0.06999982686116368,-2.0730049044290056e-10,1.1219999082207226,6.234097921967246,24,0.276012750083176,71.6823004865209,0,IK_POSITION_ERROR,,30
55,0.0,0.06999982686116368,-2.0730049044290056e-10,1.1219999082207226,6.234097921967246,25,0.1948427308557088,78.21880285260767,0,IK_POSITION_ERROR,,35
55,0.0,0.06999982686116368,-2.0730049044290056e-10,1.1219999082207226,6.234097921967246,26,0.26999579443689375,54.570277434471265,0,IK_POSITION_ERROR,,32
55,0.0,0.06999982686116368,-2.0730049044290056e-10,1.1219999082207226,6.234097921967246,27,0.23452383126742146,119.27259806746012,0,IK_POSITION_ERROR,,11
55,0.0,0.06999982686116368,-2.0730049044290056e-10,1.1219999082207226,6.234097921967246,28,0.2551547124703052,27.11456571700582,0,IK_POSITION_ERROR,,3
55,0.0,0.06999982686116368,-2.0730049044290056e-10,1.1219999082207226,6.258641614573416,0,0.2628660186397626,31.609535462012207,0,IK_POSITION_ERROR,,10
55,0.0,0.06999982686116368,-2.0730049044290056e-10,1.1219999082207226,6.258641614573416,1,0.14448091975222965,50.318283278927346,0,IK_POSITION_ERROR,,0
55,0.0,0.06999982686116368,-2.0730049044290056e-10,1.1219999082207226,6.258641614573416,2,0.25734922093993917,31.876787021091996,0,IK_POSITION_ERROR,,12
55,0.0,0.06999982686116368,-2.0730049044290056e-10,1.1219999082207226,6.258641614573416,3,0.246600147068089,29.468740515774687,0,IK_POSITION_ERROR,,16
55,0.0,0.06999982686116368,-2.0730049044290056e-10,1.1219999082207226,6.258641614573416,4,0.1849306750892685,57.70137286986502,0,IK_POSITION_ERROR,,12
55,0.0,0.06999982686116368,-2.0730049044290056e-10,1.1219999082207226,6.258641614573416,5,0.24225052107364822,52.74590548195596,0,IK_POSITION_ERROR,,12
55,0.0,0.06999982686116368,-2.0730049044290056e-10,1.1219999082207226,6.258641614573416,6,0.4382359028846218,168.36580829007863,0,IK_POSITION_ERROR,,27
55,0.0,0.06999982686116368,-2.0730049044290056e-10,1.1219999082207226,6.258641614573416,7,0.1661252195846115,49.1259052597552,0,IK_POSITION_ERROR,,62
55,0.0,0.06999982686116368,-2.0730049044290056e-10,1.1219999082207226,6.258641614573416,8,0.32055349808666384,98.24756749327312,0,IK_POSITION_ERROR,,15
55,0.0,0.06999982686116368,-2.0730049044290056e-10,1.1219999082207226,6.258641614573416,9,0.4723439908342979,158.87966395983153,0,IK_POSITION_ERROR,,420
55,0.0,0.06999982686116368,-2.0730049044290056e-10,1.1219999082207226,6.258641614573416,10,0.14448091975222965,50.318283278927346,0,IK_POSITION_ERROR,,14
55,0.0,0.06999982686116368,-2.0730049044290056e-10,1.1219999082207226,6.258641614573416,11,0.1863909368038838,53.017022577917075,0,IK_POSITION_ERROR,,37
55,0.0,0.06999982686116368,-2.0730049044290056e-10,1.1219999082207226,6.258641614573416,12,0.18483963743402845,73.39023805198059,0,IK_POSITION_ERROR,,15
55,0.0,0.06999982686116368,-2.0730049044290056e-10,1.1219999082207226,6.258641614573416,13,0.27351781518776147,49.291984244699904,0,IK_POSITION_ERROR,,49
55,0.0,0.06999982686116368,-2.0730049044290056e-10,1.1219999082207226,6.258641614573416,14,0.1799737988701996,92.71177919891865,0,IK_POSITION_ERROR,,38
55,0.0,0.06999982686116368,-2.0730049044290056e-10,1.1219999082207226,6.258641614573416,15,0.1610002878677172,78.5710655639633,0,IK_POSITION_ERROR,,36
55,0.0,0.06999982686116368,-2.0730049044290056e-10,1.1219999082207226,6.258641614573416,16,0.32203351356763704,106.18508295589643,0,IK_POSITION_ERROR,,16
55,0.0,0.06999982686116368,-2.0730049044290056e-10,1.1219999082207226,6.258641614573416,17,0.17993264062990239,43.91742025720732,0,IK_POSITION_ERROR,,42
55,0.0,0.06999982686116368,-2.0730049044290056e-10,1.1219999082207226,6.258641614573416,18,0.4386642222861465,154.7011615193694,0,IK_POSITION_ERROR,,99
55,0.0,0.06999982686116368,-2.0730049044290056e-10,1.1219999082207226,6.258641614573416,19,0.3286767104628081,110.08896534612286,0,IK_POSITION_ERROR,,5
55,0.0,0.06999982686116368,-2.0730049044290056e-10,1.1219999082207226,6.258641614573416,20,0.19294544581048098,55.09006338519968,0,IK_POSITION_ERROR,,38
55,0.0,0.06999982686116368,-2.0730049044290056e-10,1.1219999082207226,6.258641614573416,21,0.23548537760753588,67.13551779023392,0,IK_POSITION_ERROR,,25
55,0.0,0.06999982686116368,-2.0730049044290056e-10,1.1219999082207226,6.258641614573416,22,0.26216949239193854,102.90853881032233,0,IK_POSITION_ERROR,,14
55,0.0,0.06999982686116368,-2.0730049044290056e-10,1.1219999082207226,6.258641614573416,23,0.2891862009945372,73.28096388221996,0,IK_POSITION_ERROR,,42
55,0.0,0.06999982686116368,-2.0730049044290056e-10,1.1219999082207226,6.258641614573416,24,0.276012750083176,71.6823004865209,0,IK_POSITION_ERROR,,30
55,0.0,0.06999982686116368,-2.0730049044290056e-10,1.1219999082207226,6.258641614573416,25,0.1948427308557088,78.21880285260767,0,IK_POSITION_ERROR,,35
55,0.0,0.06999982686116368,-2.0730049044290056e-10,1.1219999082207226,6.258641614573416,26,0.26999579443689375,54.570277434471265,0,IK_POSITION_ERROR,,32
55,0.0,0.06999982686116368,-2.0730049044290056e-10,1.1219999082207226,6.258641614573416,27,0.23452383126742146,119.27259806746012,0,IK_POSITION_ERROR,,11
55,0.0,0.06999982686116368,-2.0730049044290056e-10,1.1219999082207226,0.0,0,0.2628660186397626,31.609535462012207,0,IK_POSITION_ERROR,,10
55,0.0,0.06999982686116368,-2.0730049044290056e-10,1.1219999082207226,0.0,1,0.14448091975222965,50.318283278927346,0,IK_POSITION_ERROR,,0
55,0.0,0.06999982686116368,-2.0730049044290056e-10,1.1219999082207226,0.0,2,0.25734922093993917,31.876787021091996,0,IK_POSITION_ERROR,,12
55,0.0,0.06999982686116368,-2.0730049044290056e-10,1.1219999082207226,0.0,3,0.246600147068089,29.468740515774687,0,IK_POSITION_ERROR,,16
55,0.0,0.06999982686116368,-2.0730049044290056e-10,1.1219999082207226,0.0,4,0.1849306750892685,57.70137286986502,0,IK_POSITION_ERROR,,12
55,0.0,0.06999982686116368,-2.0730049044290056e-10,1.1219999082207226,0.0,5,0.24225052107364822,52.74590548195596,0,IK_POSITION_ERROR,,12
55,0.0,0.06999982686116368,-2.0730049044290056e-10,1.1219999082207226,0.0,6,0.4382359028846218,168.36580829007863,0,IK_POSITION_ERROR,,27
55,0.0,0.06999982686116368,-2.0730049044290056e-10,1.1219999082207226,0.0,7,0.1661252195846115,49.1259052597552,0,IK_POSITION_ERROR,,62
55,0.0,0.06999982686116368,-2.0730049044290056e-10,1.1219999082207226,0.0,8,0.32055349808666384,98.24756749327312,0,IK_POSITION_ERROR,,15
55,0.0,0.06999982686116368,-2.0730049044290056e-10,1.1219999082207226,0.0,9,0.4723440507463825,158.8796669913283,0,IK_POSITION_ERROR,,420
55,0.0,0.06999982686116368,-2.0730049044290056e-10,1.1219999082207226,0.0,10,0.14448091975222965,50.318283278927346,0,IK_POSITION_ERROR,,14
55,0.0,0.06999982686116368,-2.0730049044290056e-10,1.1219999082207226,0.0,11,0.1863909368038838,53.017022577917075,0,IK_POSITION_ERROR,,37
55,0.0,0.06999982686116368,-2.0730049044290056e-10,1.1219999082207226,0.0,12,0.18483963743402845,73.39023805198059,0,IK_POSITION_ERROR,,15
55,0.0,0.06999982686116368,-2.0730049044290056e-10,1.1219999082207226,0.0,13,0.27351781518776147,49.291984244699904,0,IK_POSITION_ERROR,,49
55,0.0,0.06999982686116368,-2.0730049044290056e-10,1.1219999082207226,0.0,14,0.1799737988701996,92.71177919891865,0,IK_POSITION_ERROR,,38
55,0.0,0.06999982686116368,-2.0730049044290056e-10,1.1219999082207226,0.0,15,0.1610002878677172,78.5710655639633,0,IK_POSITION_ERROR,,36
55,0.0,0.06999982686116368,-2.0730049044290056e-10,1.1219999082207226,0.0,16,0.32203351356763704,106.18508295589643,0,IK_POSITION_ERROR,,16
55,0.0,0.06999982686116368,-2.0730049044290056e-10,1.1219999082207226,0.0,17,0.17993264062990239,43.91742025720732,0,IK_POSITION_ERROR,,42
55,0.0,0.06999982686116368,-2.0730049044290056e-10,1.1219999082207226,0.0,18,0.4386642222861465,154.7011615193694,0,IK_POSITION_ERROR,,99
55,0.0,0.06999982686116368,-2.0730049044290056e-10,1.1219999082207226,0.0,19,0.3286767104628081,110.08896534612286,0,IK_POSITION_ERROR,,5
55,0.0,0.06999982686116368,-2.0730049044290056e-10,1.1219999082207226,0.0,20,0.19294544581048098,55.09006338519968,0,IK_POSITION_ERROR,,38
55,0.0,0.06999982686116368,-2.0730049044290056e-10,1.1219999082207226,0.0,21,0.23548537760753588,67.13551779023392,0,IK_POSITION_ERROR,,25
55,0.0,0.06999982686116368,-2.0730049044290056e-10,1.1219999082207226,0.0,22,0.26216949239193854,102.90853881032233,0,IK_POSITION_ERROR,,14
55,0.0,0.06999982686116368,-2.0730049044290056e-10,1.1219999082207226,0.0,23,0.2891862009945372,73.28096388221996,0,IK_POSITION_ERROR,,42
55,0.0,0.06999982686116368,-2.0730049044290056e-10,1.1219999082207226,0.0,24,0.276012750083176,71.6823004865209,0,IK_POSITION_ERROR,,30
55,0.0,0.06999982686116368,-2.0730049044290056e-10,1.1219999082207226,0.0,25,0.1948427308557088,78.21880285260767,0,IK_POSITION_ERROR,,35
55,0.0,0.06999982686116368,-2.0730049044290056e-10,1.1219999082207226,0.0,26,0.26999579443689375,54.570277434471265,0,IK_POSITION_ERROR,,32
55,0.0,0.06999982686116368,-2.0730049044290056e-10,1.1219999082207226,0.0,27,0.23452383126742146,119.27259806746012,0,IK_POSITION_ERROR,,11
55,0.0,0.06999982686116368,-2.0730049044290056e-10,1.1219999082207226,0.0,28,0.2568226511783274,27.55307237208606,0,IK_POSITION_ERROR,,3
55,0.0,0.06999982686116368,-2.0730049044290056e-10,1.1219999082207226,0.0,29,0.2596888851505728,27.436465585011195,0,IK_POSITION_ERROR,,3
55,0.0,0.06999982686116368,-2.0730049044290056e-10,1.1219999082207226,0.02454369260617026,0,0.2628660186397626,31.609535462012207,0,IK_POSITION_ERROR,,10
55,0.0,0.06999982686116368,-2.0730049044290056e-10,1.1219999082207226,0.02454369260617026,1,0.14448091975222965,50.318283278927346,0,IK_POSITION_ERROR,,0
55,0.0,0.06999982686116368,-2.0730049044290056e-10,1.1219999082207226,0.02454369260617026,2,0.25734922093993917,31.876787021091996,0,IK_POSITION_ERROR,,12
55,0.0,0.06999982686116368,-2.0730049044290056e-10,1.1219999082207226,0.02454369260617026,3,0.246600147068089,29.468740515774687,0,IK_POSITION_ERROR,,16
55,0.0,0.06999982686116368,-2.0730049044290056e-10,1.1219999082207226,0.02454369260617026,4,0.1849306750892685,57.70137286986502,0,IK_POSITION_ERROR,,12
55,0.0,0.06999982686116368,-2.0730049044290056e-10,1.1219999082207226,0.02454369260617026,5,0.24225052107364822,52.74590548195596,0,IK_POSITION_ERROR,,12
55,0.0,0.06999982686116368,-2.0730049044290056e-10,1.1219999082207226,0.02454369260617026,6,0.4382359028846218,168.36580829007863,0,IK_POSITION_ERROR,,27
55,0.0,0.06999982686116368,-2.0730049044290056e-10,1.1219999082207226,0.02454369260617026,7,0.1661252195846115,49.1259052597552,0,IK_POSITION_ERROR,,62
55,0.0,0.06999982686116368,-2.0730049044290056e-10,1.1219999082207226,0.02454369260617026,8,0.32055349808666384,98.24756749327312,0,IK_POSITION_ERROR,,15
55,0.0,0.06999982686116368,-2.0730049044290056e-10,1.1219999082207226,0.02454369260617026,9,0.472344056985039,158.87967259064598,0,IK_POSITION_ERROR,,420
55,0.0,0.06999982686116368,-2.0730049044290056e-10,1.1219999082207226,0.02454369260617026,10,0.14448091975222965,50.318283278927346,0,IK_POSITION_ERROR,,14
55,0.0,0.06999982686116368,-2.0730049044290056e-10,1.1219999082207226,0.02454369260617026,11,0.1863909368038838,53.017022577917075,0,IK_POSITION_ERROR,,37
55,0.0,0.06999982686116368,-2.0730049044290056e-10,1.1219999082207226,0.02454369260617026,12,0.18483963743402845,73.39023805198059,0,IK_POSITION_ERROR,,15
55,0.0,0.06999982686116368,-2.0730049044290056e-10,1.1219999082207226,0.02454369260617026,13,0.27351781518776147,49.291984244699904,0,IK_POSITION_ERROR,,49
55,0.0,0.06999982686116368,-2.0730049044290056e-10,1.1219999082207226,0.02454369260617026,14,0.1799737988701996,92.71177919891865,0,IK_POSITION_ERROR,,38
55,0.0,0.06999982686116368,-2.0730049044290056e-10,1.1219999082207226,0.02454369260617026,15,0.1610002878677172,78.5710655639633,0,IK_POSITION_ERROR,,36
55,0.0,0.06999982686116368,-2.0730049044290056e-10,1.1219999082207226,0.02454369260617026,16,0.32203351356763704,106.18508295589643,0,IK_POSITION_ERROR,,16
55,0.0,0.06999982686116368,-2.0730049044290056e-10,1.1219999082207226,0.02454369260617026,17,0.17993264062990239,43.91742025720732,0,IK_POSITION_ERROR,,42
55,0.0,0.06999982686116368,-2.0730049044290056e-10,1.1219999082207226,0.02454369260617026,18,0.4386642222861465,154.7011615193694,0,IK_POSITION_ERROR,,99
55,0.0,0.06999982686116368,-2.0730049044290056e-10,1.1219999082207226,0.02454369260617026,19,0.3286767104628081,110.08896534612286,0,IK_POSITION_ERROR,,5
55,0.0,0.06999982686116368,-2.0730049044290056e-10,1.1219999082207226,0.02454369260617026,20,0.19294544581048098,55.09006338519968,0,IK_POSITION_ERROR,,38
55,0.0,0.06999982686116368,-2.0730049044290056e-10,1.1219999082207226,0.02454369260617026,21,0.23548537760753588,67.13551779023392,0,IK_POSITION_ERROR,,25
55,0.0,0.06999982686116368,-2.0730049044290056e-10,1.1219999082207226,0.02454369260617026,22,0.26216949239193854,102.90853881032233,0,IK_POSITION_ERROR,,14
55,0.0,0.06999982686116368,-2.0730049044290056e-10,1.1219999082207226,0.02454369260617026,23,0.2891862009945372,73.28096388221996,0,IK_POSITION_ERROR,,42
55,0.0,0.06999982686116368,-2.0730049044290056e-10,1.1219999082207226,0.02454369260617026,24,0.276012750083176,71.6823004865209,0,IK_POSITION_ERROR,,30
55,0.0,0.06999982686116368,-2.0730049044290056e-10,1.1219999082207226,0.02454369260617026,25,0.1948427308557088,78.21880285260767,0,IK_POSITION_ERROR,,35
55,0.0,0.06999982686116368,-2.0730049044290056e-10,1.1219999082207226,0.02454369260617026,26,0.26999579443689375,54.570277434471265,0,IK_POSITION_ERROR,,32
55,0.0,0.06999982686116368,-2.0730049044290056e-10,1.1219999082207226,0.02454369260617026,27,0.23452383126742146,119.27259806746012,0,IK_POSITION_ERROR,,11
55,0.0,0.06999982686116368,-2.0730049044290056e-10,1.1219999082207226,0.04908738521234052,0,0.2628660186397626,31.609535462012207,0,IK_POSITION_ERROR,,10
55,0.0,0.06999982686116368,-2.0730049044290056e-10,1.1219999082207226,0.04908738521234052,1,0.14448091975222965,50.318283278927346,0,IK_POSITION_ERROR,,0
55,0.0,0.06999982686116368,-2.0730049044290056e-10,1.1219999082207226,0.04908738521234052,2,0.25734922093993917,31.876787021091996,0,IK_POSITION_ERROR,,12
55,0.0,0.06999982686116368,-2.0730049044290056e-10,1.1219999082207226,0.04908738521234052,3,0.246600147068089,29.468740515774687,0,IK_POSITION_ERROR,,16
55,0.0,0.06999982686116368,-2.0730049044290056e-10,1.1219999082207226,0.04908738521234052,4,0.1849306750892685,57.70137286986502,0,IK_POSITION_ERROR,,12
55,0.0,0.06999982686116368,-2.0730049044290056e-10,1.1219999082207226,0.04908738521234052,5,0.24225052107364822,52.74590548195596,0,IK_POSITION_ERROR,,12
55,0.0,0.06999982686116368,-2.0730049044290056e-10,1.1219999082207226,0.04908738521234052,6,0.4382359028846218,168.36580829007863,0,IK_POSITION_ERROR,,27
55,0.0,0.06999982686116368,-2.0730049044290056e-10,1.1219999082207226,0.04908738521234052,7,0.1661252195846115,49.1259052597552,0,IK_POSITION_ERROR,,62
55,0.0,0.06999982686116368,-2.0730049044290056e-10,1.1219999082207226,0.04908738521234052,8,0.32055349808666384,98.24756749327312,0,IK_POSITION_ERROR,,15
55,0.0,0.06999982686116368,-2.0730049044290056e-10,1.1219999082207226,0.04908738521234052,9,0.4723440507463825,158.8796669913283,0,IK_POSITION_ERROR,,420
55,0.0,0.06999982686116368,-2.0730049044290056e-10,1.1219999082207226,0.04908738521234052,10,0.14448091975222965,50.318283278927346,0,IK_POSITION_ERROR,,14
55,0.0,0.06999982686116368,-2.0730049044290056e-10,1.1219999082207226,0.04908738521234052,11,0.1863909368038838,53.017022577917075,0,IK_POSITION_ERROR,,37
55,0.0,0.06999982686116368,-2.0730049044290056e-10,1.1219999082207226,0.04908738521234052,12,0.18483963743402845,73.39023805198059,0,IK_POSITION_ERROR,,15
55,0.0,0.06999982686116368,-2.0730049044290056e-10,1.1219999082207226,0.04908738521234052,13,0.27351781518776147,49.291984244699904,0,IK_POSITION_ERROR,,49
55,0.0,0.06999982686116368,-2.0730049044290056e-10,1.1219999082207226,0.04908738521234052,14,0.1799737988701996,92.71177919891865,0,IK_POSITION_ERROR,,38
55,0.0,0.06999982686116368,-2.0730049044290056e-10,1.1219999082207226,0.04908738521234052,15,0.1610002878677172,78.5710655639633,0,IK_POSITION_ERROR,,36
55,0.0,0.06999982686116368,-2.0730049044290056e-10,1.1219999082207226,0.04908738521234052,16,0.32203351356763704,106.18508295589643,0,IK_POSITION_ERROR,,16
55,0.0,0.06999982686116368,-2.0730049044290056e-10,1.1219999082207226,0.04908738521234052,17,0.17993264062990239,43.91742025720732,0,IK_POSITION_ERROR,,42
55,0.0,0.06999982686116368,-2.0730049044290056e-10,1.1219999082207226,0.04908738521234052,18,0.4386642222861465,154.7011615193694,0,IK_POSITION_ERROR,,99
55,0.0,0.06999982686116368,-2.0730049044290056e-10,1.1219999082207226,0.04908738521234052,19,0.3286767104628081,110.08896534612286,0,IK_POSITION_ERROR,,5
55,0.0,0.06999982686116368,-2.0730049044290056e-10,1.1219999082207226,0.04908738521234052,20,0.19294544581048098,55.09006338519968,0,IK_POSITION_ERROR,,38
55,0.0,0.06999982686116368,-2.0730049044290056e-10,1.1219999082207226,0.04908738521234052,21,0.23548537760753588,67.13551779023392,0,IK_POSITION_ERROR,,25
55,0.0,0.06999982686116368,-2.0730049044290056e-10,1.1219999082207226,0.04908738521234052,22,0.26216949239193854,102.90853881032233,0,IK_POSITION_ERROR,,14
55,0.0,0.06999982686116368,-2.0730049044290056e-10,1.1219999082207226,0.04908738521234052,23,0.2891862009945372,73.28096388221996,0,IK_POSITION_ERROR,,42
55,0.0,0.06999982686116368,-2.0730049044290056e-10,1.1219999082207226,0.04908738521234052,24,0.276012750083176,71.6823004865209,0,IK_POSITION_ERROR,,30
55,0.0,0.06999982686116368,-2.0730049044290056e-10,1.1219999082207226,0.04908738521234052,25,0.1948427308557088,78.21880285260767,0,IK_POSITION_ERROR,,35
55,0.0,0.06999982686116368,-2.0730049044290056e-10,1.1219999082207226,0.04908738521234052,26,0.26999579443689375,54.570277434471265,0,IK_POSITION_ERROR,,32
55,0.0,0.06999982686116368,-2.0730049044290056e-10,1.1219999082207226,0.04908738521234052,27,0.23452383126742146,119.27259806746012,0,IK_POSITION_ERROR,,11
55,0.0,0.06999982686116368,-2.0730049044290056e-10,1.1219999082207226,0.04908738521234052,28,0.255618174287572,30.71668222856678,0,IK_POSITION_ERROR,,4
55,0.0,0.06999982686116368,-2.0730049044290056e-10,1.1219999082207226,0.07363107781851078,0,0.2628660186397626,31.609535462012218,0,IK_POSITION_ERROR,,10
55,0.0,0.06999982686116368,-2.0730049044290056e-10,1.1219999082207226,0.07363107781851078,1,0.14448091975222965,50.31828327892736,0,IK_POSITION_ERROR,,0
55,0.0,0.06999982686116368,-2.0730049044290056e-10,1.1219999082207226,0.07363107781851078,2,0.25734922093993917,31.876787021092007,0,IK_POSITION_ERROR,,12
55,0.0,0.06999982686116368,-2.0730049044290056e-10,1.1219999082207226,0.07363107781851078,3,0.246600147068089,29.468740515774698,0,IK_POSITION_ERROR,,16
55,0.0,0.06999982686116368,-2.0730049044290056e-10,1.1219999082207226,0.07363107781851078,4,0.1849306750892685,57.70137286986503,0,IK_POSITION_ERROR,,12
55,0.0,0.06999982686116368,-2.0730049044290056e-10,1.1219999082207226,0.07363107781851078,5,0.24225052107364822,52.745905481955965,0,IK_POSITION_ERROR,,12
55,0.0,0.06999982686116368,-2.0730049044290056e-10,1.1219999082207226,0.07363107781851078,6,0.4382359028846218,168.36580829007863,0,IK_POSITION_ERROR,,27
55,0.0,0.06999982686116368,-2.0730049044290056e-10,1.1219999082207226,0.07363107781851078,7,0.1661252195846115,49.12590525975521,0,IK_POSITION_ERROR,,62
55,0.0,0.06999982686116368,-2.0730049044290056e-10,1.1219999082207226,0.07363107781851078,8,0.32055349808666384,98.24756749327314,0,IK_POSITION_ERROR,,15
55,0.0,0.06999982686116368,-2.0730049044290056e-10,1.1219999082207226,0.07363107781851078,9,0.4723440123742915,158.87966395983153,0,IK_POSITION_ERROR,,420
55,0.0,0.06999982686116368,-2.0730049044290056e-10,1.1219999082207226,0.07363107781851078,10,0.14448091975222965,50.31828327892736,0,IK_POSITION_ERROR,,14
55,0.0,0.06999982686116368,-2.0730049044290056e-10,1.1219999082207226,0.07363107781851078,11,0.1863909368038838,53.01702257791708,0,IK_POSITION_ERROR,,37
55,0.0,0.06999982686116368,-2.0730049044290056e-10,1.1219999082207226,0.07363107781851078,12,0.18483963743402845,73.39023805198059,0,IK_POSITION_ERROR,,15
55,0.0,0.06999982686116368,-2.0730049044290056e-10,1.1219999082207226,0.07363107781851078,13,0.27351781518776147,49.29198424469992,0,IK_POSITION_ERROR,,49
55,0.0,0.06999982686116368,-2.0730049044290056e-10,1.1219999082207226,0.07363107781851078,14,0.1799737988701996,92.71177919891866,0,IK_POSITION_ERROR,,38
55,0.0,0.06999982686116368,-2.0730049044290056e-10,1.1219999082207226,0.07363107781851078,15,0.1610002878677172,78.5710655639633,0,IK_POSITION_ERROR,,36
55,0.0,0.06999982686116368,-2.0730049044290056e-10,1.1219999082207226,0.07363107781851078,16,0.32203351356763704,106.18508295589643,0,IK_POSITION_ERROR,,16
55,0.0,0.06999982686116368,-2.0730049044290056e-10,1.1219999082207226,0.07363107781851078,17,0.17993264062990239,43.917420257207326,0,IK_POSITION_ERROR,,42
55,0.0,0.06999982686116368,-2.0730049044290056e-10,1.1219999082207226,0.07363107781851078,18,0.4386642222861465,154.70116151936944,0,IK_POSITION_ERROR,,99
55,0.0,0.06999982686116368,-2.0730049044290056e-10,1.1219999082207226,0.07363107781851078,19,0.3286767104628081,110.08896534612288,0,IK_POSITION_ERROR,,5
55,0.0,0.06999982686116368,-2.0730049044290056e-10,1.1219999082207226,0.07363107781851078,20,0.19294544581048098,55.090063385199684,0,IK_POSITION_ERROR,,38
55,0.0,0.06999982686116368,-2.0730049044290056e-10,1.1219999082207226,0.07363107781851078,21,0.23548537760753588,67.13551779023393,0,IK_POSITION_ERROR,,25
55,0.0,0.06999982686116368,-2.0730049044290056e-10,1.1219999082207226,0.07363107781851078,22,0.26216949239193854,102.90853881032234,0,IK_POSITION_ERROR,,14
55,0.0,0.06999982686116368,-2.0730049044290056e-10,1.1219999082207226,0.07363107781851078,23,0.2891862009945372,73.28096388221998,0,IK_POSITION_ERROR,,42
55,0.0,0.06999982686116368,-2.0730049044290056e-10,1.1219999082207226,0.07363107781851078,24,0.276012750083176,71.68230048652092,0,IK_POSITION_ERROR,,30
55,0.0,0.06999982686116368,-2.0730049044290056e-10,1.1219999082207226,0.07363107781851078,25,0.1948427308557088,78.21880285260768,0,IK_POSITION_ERROR,,35
55,0.0,0.06999982686116368,-2.0730049044290056e-10,1.1219999082207226,0.07363107781851078,26,0.26999579443689375,54.57027743447128,0,IK_POSITION_ERROR,,32
55,0.0,0.06999982686116368,-2.0730049044290056e-10,1.1219999082207226,0.07363107781851078,27,0.23452383126742146,119.27259806746012,0,IK_POSITION_ERROR,,11
55,0.0,0.06999982686116368,-2.0730049044290056e-10,1.1219999082207226,0.07363107781851078,28,0.2631104174970234,24.534075592008136,0,IK_POSITION_ERROR,,3
55,0.0,0.06999982686116368,-2.0730049044290056e-10,1.1219999082207226,0.07363107781851078,29,0.2491194891739916,29.241163293697152,0,IK_POSITION_ERROR,,4
55,0.0,0.06999982686116368,-2.0730049044290056e-10,1.1219999082207226,0.09817477042468103,0,0.2628660186397626,31.609535462012207,0,IK_POSITION_ERROR,,10
55,0.0,0.06999982686116368,-2.0730049044290056e-10,1.1219999082207226,0.09817477042468103,1,0.14448091975222965,50.318283278927346,0,IK_POSITION_ERROR,,0
55,0.0,0.06999982686116368,-2.0730049044290056e-10,1.1219999082207226,0.09817477042468103,2,0.25734922093993917,31.876787021091996,0,IK_POSITION_ERROR,,12
55,0.0,0.06999982686116368,-2.0730049044290056e-10,1.1219999082207226,0.09817477042468103,3,0.246600147068089,29.468740515774687,0,IK_POSITION_ERROR,,16
55,0.0,0.06999982686116368,-2.0730049044290056e-10,1.1219999082207226,0.09817477042468103,4,0.1849306750892685,57.70137286986502,0,IK_POSITION_ERROR,,12
55,0.0,0.06999982686116368,-2.0730049044290056e-10,1.1219999082207226,0.09817477042468103,5,0.24225052107364822,52.74590548195596,0,IK_POSITION_ERROR,,12
55,0.0,0.06999982686116368,-2.0730049044290056e-10,1.1219999082207226,0.09817477042468103,6,0.4382359028846218,168.36580829007863,0,IK_POSITION_ERROR,,27
55,0.0,0.06999982686116368,-2.0730049044290056e-10,1.1219999082207226,0.09817477042468103,7,0.1661252195846115,49.1259052597552,0,IK_POSITION_ERROR,,62
55,0.0,0.06999982686116368,-2.0730049044290056e-10,1.1219999082207226,0.09817477042468103,8,0.32055349808666384,98.24756749327312,0,IK_POSITION_ERROR,,15
55,0.0,0.06999982686116368,-2.0730049044290056e-10,1.1219999082207226,0.09817477042468103,9,0.4723440507463825,158.8796669913283,0,IK_POSITION_ERROR,,420
55,0.0,0.06999982686116368,-2.0730049044290056e-10,1.1219999082207226,0.09817477042468103,10,0.14448091975222965,50.318283278927346,0,IK_POSITION_ERROR,,14
55,0.0,0.06999982686116368,-2.0730049044290056e-10,1.1219999082207226,0.09817477042468103,11,0.1863909368038838,53.017022577917075,0,IK_POSITION_ERROR,,37
55,0.0,0.06999982686116368,-2.0730049044290056e-10,1.1219999082207226,0.09817477042468103,12,0.18483963743402845,73.39023805198059,0,IK_POSITION_ERROR,,15
55,0.0,0.06999982686116368,-2.0730049044290056e-10,1.1219999082207226,0.09817477042468103,13,0.27351781518776147,49.291984244699904,0,IK_POSITION_ERROR,,49
55,0.0,0.06999982686116368,-2.0730049044290056e-10,1.1219999082207226,0.09817477042468103,14,0.1799737988701996,92.71177919891865,0,IK_POSITION_ERROR,,38
55,0.0,0.06999982686116368,-2.0730049044290056e-10,1.1219999082207226,0.09817477042468103,15,0.1610002878677172,78.5710655639633,0,IK_POSITION_ERROR,,36
55,0.0,0.06999982686116368,-2.0730049044290056e-10,1.1219999082207226,0.09817477042468103,16,0.32203351356763704,106.18508295589643,0,IK_POSITION_ERROR,,16
55,0.0,0.06999982686116368,-2.0730049044290056e-10,1.1219999082207226,0.09817477042468103,17,0.17993264062990239,43.91742025720732,0,IK_POSITION_ERROR,,42
55,0.0,0.06999982686116368,-2.0730049044290056e-10,1.1219999082207226,0.09817477042468103,18,0.4386642222861465,154.7011615193694,0,IK_POSITION_ERROR,,99
55,0.0,0.06999982686116368,-2.0730049044290056e-10,1.1219999082207226,0.09817477042468103,19,0.3286767104628081,110.08896534612286,0,IK_POSITION_ERROR,,5
55,0.0,0.06999982686116368,-2.0730049044290056e-10,1.1219999082207226,0.09817477042468103,20,0.19294544581048098,55.09006338519968,0,IK_POSITION_ERROR,,38
55,0.0,0.06999982686116368,-2.0730049044290056e-10,1.1219999082207226,0.09817477042468103,21,0.23548537760753588,67.13551779023392,0,IK_POSITION_ERROR,,25
55,0.0,0.06999982686116368,-2.0730049044290056e-10,1.1219999082207226,0.09817477042468103,22,0.26216949239193854,102.90853881032233,0,IK_POSITION_ERROR,,14
55,0.0,0.06999982686116368,-2.0730049044290056e-10,1.1219999082207226,0.09817477042468103,23,0.2891862009945372,73.28096388221996,0,IK_POSITION_ERROR,,42
55,0.0,0.06999982686116368,-2.0730049044290056e-10,1.1219999082207226,0.09817477042468103,24,0.276012750083176,71.6823004865209,0,IK_POSITION_ERROR,,30
55,0.0,0.06999982686116368,-2.0730049044290056e-10,1.1219999082207226,0.09817477042468103,25,0.1948427308557088,78.21880285260767,0,IK_POSITION_ERROR,,35
55,0.0,0.06999982686116368,-2.0730049044290056e-10,1.1219999082207226,0.09817477042468103,26,0.26999579443689375,54.570277434471265,0,IK_POSITION_ERROR,,32
55,0.0,0.06999982686116368,-2.0730049044290056e-10,1.1219999082207226,0.09817477042468103,27,0.23452383126742146,119.27259806746012,0,IK_POSITION_ERROR,,11
55,0.0,0.06999982686116368,-2.0730049044290056e-10,1.1219999082207226,0.09817477042468103,28,0.26316095995957245,31.185270955665697,0,IK_POSITION_ERROR,,4
